ResponseId,split
1,test
2,train
3,test
4,train
6,test
7,train
9,train
11,train
12,train
13,train
18,train
19,train
23,train
24,train
25,train
26,train
27,train
28,train
29,train
30,train
31,test
32,train
33,train
34,train
35,train
36,test
37,train
38,train
39,train
40,test
41,train
42,train
43,train
44,train
45,train
46,train
47,train
48,train
51,train
52,train
54,train
55,test
56,train
58,train
60,train
61,train
63,train
64,train
65,train
66,train
67,train
68,train
69,train
70,train
71,train
72,train
73,train
75,test
76,train
77,train
80,train
81,test
82,train
83,train
84,train
86,train
87,train
88,train
89,train
90,train
91,train
92,train
93,train
94,train
95,test
96,train
97,train
98,train
100,train
101,train
102,train
103,train
104,train
105,train
106,train
107,train
108,train
109,train
110,train
111,test
116,train
119,train
120,test
122,train
123,train
124,train
125,train
126,train
127,train
129,train
130,train
131,train
132,train
133,train
134,train
135,train
136,train
137,train
138,train
139,test
141,test
142,train
144,train
145,train
146,train
147,test
148,train
149,train
150,train
151,train
153,test
154,train
156,train
159,train
160,train
163,train
164,train
167,train
168,train
169,train
170,train
171,test
172,train
175,train
176,train
178,train
179,train
180,test
181,test
182,train
185,train
186,test
188,train
190,train
191,train
195,train
196,train
197,train
198,test
199,test
200,test
201,train
203,train
204,train
206,train
207,train
208,train
209,train
210,train
211,test
212,train
213,train
214,train
215,train
217,train
218,test
219,train
220,train
221,test
222,train
223,test
224,train
225,train
226,train
230,train
231,train
236,train
237,test
239,train
242,train
243,train
244,train
245,test
246,train
247,test
248,train
251,train
254,train
255,test
256,train
258,train
262,test
264,train
267,test
269,train
270,train
273,train
274,train
275,train
276,train
278,train
279,train
282,train
283,train
284,test
285,train
286,test
287,train
288,train
291,train
292,train
294,train
296,train
297,test
298,train
299,train
300,train
301,train
303,test
304,train
306,train
307,train
308,train
310,train
311,test
312,train
313,train
315,train
316,train
317,train
318,test
322,train
323,train
324,train
325,train
327,train
328,train
329,train
330,train
332,train
334,train
335,test
336,train
338,train
339,train
341,train
343,train
345,train
346,train
347,train
350,train
351,train
352,train
353,train
354,test
356,test
357,test
358,train
359,train
360,train
361,test
362,train
363,train
364,train
365,train
366,train
368,train
370,train
371,train
372,train
373,train
375,train
377,train
378,train
379,train
381,train
382,train
383,train
386,train
387,test
388,train
389,train
391,train
392,test
395,test
396,train
397,train
398,train
399,train
400,train
401,train
405,train
407,train
408,train
410,train
411,train
412,train
413,train
414,test
416,test
417,train
419,train
420,train
422,train
423,test
424,test
425,train
430,train
431,train
432,train
436,test
437,train
438,train
439,train
440,train
441,train
442,train
443,train
444,train
445,train
446,train
447,train
448,train
450,test
452,train
454,train
455,train
457,train
458,train
460,train
461,train
462,train
463,train
464,test
465,test
468,train
469,train
470,train
472,train
474,test
476,test
477,train
479,train
481,train
482,train
483,train
485,test
486,train
487,train
490,train
491,train
492,train
493,test
495,test
497,train
498,train
499,train
500,train
501,test
502,train
504,test
506,train
507,test
508,train
509,train
511,train
512,test
513,test
514,train
515,train
516,train
518,train
520,test
522,test
523,train
524,train
525,train
526,train
527,train
528,train
530,train
536,train
537,train
538,train
539,train
540,train
541,train
542,test
543,train
544,train
545,train
547,test
548,train
552,train
555,train
557,test
559,train
561,train
562,train
564,train
565,train
566,train
568,train
571,test
572,train
574,train
575,test
576,train
578,train
579,train
580,train
582,train
583,train
584,train
585,train
586,train
587,train
588,train
589,train
590,test
591,train
595,train
598,train
599,train
600,train
601,train
602,train
603,test
604,test
607,train
609,train
611,train
612,train
614,train
615,train
618,test
619,train
620,train
621,test
622,train
623,train
625,train
626,train
627,test
628,train
630,train
631,train
632,train
636,test
639,train
642,train
644,train
645,train
646,train
647,train
651,train
652,test
654,test
657,train
659,train
660,train
661,train
662,train
665,test
666,train
668,train
669,train
671,train
672,train
673,train
674,train
676,train
678,train
679,train
680,train
681,test
683,train
684,train
685,train
686,train
687,train
688,train
689,train
690,train
691,train
695,train
696,test
697,train
698,train
700,train
701,train
702,test
704,train
706,train
707,train
710,train
712,train
713,test
714,train
715,train
716,test
717,train
718,test
719,train
720,train
721,train
722,train
723,test
724,train
725,test
726,test
727,train
728,train
729,test
731,train
732,test
733,train
734,train
735,train
739,train
740,train
741,train
742,test
743,test
744,test
745,train
748,train
749,train
750,train
752,train
753,train
754,train
755,test
756,train
757,train
758,train
759,train
760,train
763,train
764,train
765,test
766,train
767,train
769,train
770,train
771,train
774,train
775,train
776,train
777,train
778,train
781,train
782,test
783,test
784,train
786,test
787,test
788,train
789,train
790,train
791,train
792,train
793,train
794,train
795,train
796,train
797,train
798,train
799,train
800,train
803,train
804,train
805,train
806,train
807,train
809,train
810,train
812,train
813,train
814,test
816,test
818,test
820,train
821,test
823,train
824,train
827,train
828,test
829,train
831,train
832,train
833,train
834,train
835,train
836,train
837,train
838,train
839,train
840,train
841,train
842,train
843,train
844,train
845,test
846,test
847,train
848,train
850,train
851,train
853,train
855,train
857,test
858,train
859,train
860,train
862,test
863,test
864,train
865,train
868,train
871,train
872,train
875,train
878,train
879,train
880,train
882,test
883,train
885,test
888,test
889,train
890,test
891,train
892,train
894,train
897,test
898,train
899,test
901,test
902,train
903,train
904,train
905,train
907,train
908,train
909,train
910,train
913,train
915,train
918,train
919,train
921,train
922,train
924,train
925,train
926,train
927,train
928,train
929,train
930,test
931,train
932,test
934,test
937,train
940,train
941,train
946,train
947,train
949,train
950,train
953,train
955,train
956,train
959,train
960,train
961,train
963,train
964,train
965,test
966,train
967,train
968,train
969,train
970,train
973,test
974,train
975,train
976,train
977,test
979,train
980,train
981,test
982,test
985,train
989,train
991,train
993,train
995,train
997,test
1002,test
1003,train
1005,train
1006,train
1007,train
1008,train
1009,train
1011,train
1012,test
1013,train
1014,train
1015,test
1016,train
1020,train
1021,train
1022,test
1024,train
1026,train
1027,train
1028,test
1030,train
1034,train
1035,train
1036,test
1038,train
1040,train
1041,test
1043,train
1044,train
1045,train
1046,test
1047,train
1048,train
1049,train
1050,train
1052,train
1053,train
1054,train
1056,train
1058,train
1059,train
1060,train
1061,train
1062,train
1063,train
1064,test
1066,train
1067,train
1069,test
1070,train
1071,train
1072,train
1074,train
1076,train
1077,test
1080,train
1083,train
1084,train
1085,train
1086,train
1087,test
1089,train
1090,test
1092,train
1094,train
1096,train
1097,train
1098,test
1099,train
1100,test
1102,train
1103,test
1105,train
1106,train
1108,train
1109,test
1110,test
1111,train
1113,train
1114,train
1116,train
1117,train
1119,test
1120,train
1121,train
1122,train
1124,train
1125,train
1126,train
1127,train
1129,train
1131,train
1132,train
1133,test
1134,test
1136,train
1137,test
1138,test
1139,train
1140,train
1143,train
1145,train
1147,train
1148,train
1149,train
1150,test
1151,test
1152,train
1156,train
1157,train
1158,test
1160,train
1161,test
1162,test
1163,train
1164,test
1165,test
1166,train
1167,train
1168,test
1169,test
1170,test
1171,test
1172,test
1173,train
1174,train
1175,train
1176,train
1178,train
1179,train
1180,test
1181,train
1182,train
1184,train
1185,train
1186,train
1187,test
1188,train
1189,train
1191,test
1194,train
1196,train
1197,test
1200,train
1202,train
1204,train
1205,train
1208,train
1209,train
1210,train
1211,train
1212,train
1214,train
1217,train
1218,train
1221,train
1222,train
1223,train
1224,test
1225,train
1226,train
1227,train
1228,train
1229,train
1231,test
1232,test
1233,train
1234,train
1235,train
1236,train
1237,test
1238,train
1239,train
1240,train
1241,train
1242,train
1243,train
1244,train
1245,train
1246,train
1247,train
1250,train
1251,train
1253,train
1254,train
1256,train
1257,test
1258,train
1259,train
1260,train
1262,test
1263,train
1264,train
1265,train
1266,test
1268,train
1269,train
1270,train
1272,train
1273,train
1274,test
1275,train
1276,train
1278,train
1281,train
1282,test
1283,train
1284,train
1286,train
1288,train
1289,train
1290,train
1291,test
1292,train
1294,test
1295,train
1296,train
1298,test
1299,train
1300,train
1301,train
1303,train
1304,train
1305,train
1306,train
1307,test
1308,test
1310,train
1311,train
1314,test
1315,train
1318,train
1319,train
1322,train
1323,test
1324,test
1325,train
1326,train
1327,train
1333,test
1334,test
1337,train
1338,train
1339,train
1340,train
1341,test
1344,train
1347,train
1349,train
1350,train
1351,train
1354,train
1356,train
1357,train
1359,test
1360,train
1362,test
1363,train
1364,test
1365,test
1366,train
1367,train
1371,train
1373,test
1374,train
1375,train
1376,train
1377,train
1378,test
1379,train
1380,train
1382,train
1383,train
1384,train
1385,train
1387,train
1389,train
1390,train
1391,train
1392,train
1393,test
1394,train
1395,train
1397,train
1398,test
1399,test
1402,train
1404,train
1405,train
1406,train
1407,train
1408,train
1412,train
1413,train
1414,train
1415,test
1416,train
1417,train
1418,test
1419,test
1420,test
1421,test
1422,train
1423,train
1424,train
1425,train
1426,test
1427,train
1428,test
1429,train
1430,train
1432,test
1433,train
1434,test
1435,train
1438,train
1439,train
1441,train
1442,train
1443,train
1444,train
1446,train
1449,train
1450,train
1451,train
1453,train
1456,train
1457,train
1458,train
1459,test
1461,train
1462,train
1463,train
1464,train
1465,train
1466,train
1468,train
1469,test
1470,train
1472,train
1473,train
1474,train
1475,train
1477,train
1479,train
1481,train
1483,train
1485,train
1487,train
1488,train
1489,train
1490,train
1492,train
1493,train
1495,train
1496,train
1497,train
1498,train
1499,train
1504,train
1505,train
1507,test
1508,test
1509,train
1510,train
1511,train
1512,train
1514,train
1515,train
1518,train
1519,train
1520,train
1522,test
1523,train
1524,train
1525,train
1527,train
1528,train
1529,train
1530,train
1531,train
1532,train
1533,train
1535,train
1536,train
1538,train
1539,train
1540,test
1541,train
1542,train
1543,train
1544,train
1546,test
1547,test
1551,train
1552,train
1553,train
1554,train
1555,train
1556,train
1557,test
1558,train
1560,train
1561,train
1562,train
1564,test
1566,train
1570,train
1571,train
1572,train
1574,train
1575,train
1576,train
1577,train
1578,train
1579,train
1581,train
1582,test
1583,train
1584,test
1585,test
1587,train
1591,train
1592,test
1593,test
1594,train
1595,train
1596,train
1597,train
1598,train
1599,train
1603,train
1604,train
1605,train
1606,train
1607,train
1609,train
1611,train
1612,train
1613,train
1614,test
1615,train
1616,train
1617,train
1618,train
1620,test
1621,train
1622,train
1623,train
1625,train
1627,train
1628,train
1630,train
1631,train
1633,train
1634,train
1635,train
1636,test
1638,train
1639,train
1640,train
1641,train
1642,test
1643,test
1644,test
1645,test
1646,test
1647,train
1648,train
1649,train
1652,test
1653,train
1654,test
1655,train
1657,train
1659,test
1660,train
1662,train
1664,train
1665,train
1669,train
1670,train
1671,test
1672,train
1673,train
1674,train
1675,train
1676,test
1677,test
1681,train
1682,train
1683,train
1684,test
1685,train
1686,train
1687,train
1688,train
1691,train
1692,train
1694,train
1696,train
1698,train
1699,train
1700,train
1701,train
1702,train
1703,train
1704,train
1706,train
1707,train
1708,train
1710,train
1711,train
1713,train
1714,train
1715,train
1716,train
1717,train
1718,train
1719,train
1721,train
1722,train
1723,test
1724,train
1725,train
1726,test
1728,train
1729,train
1730,train
1731,train
1732,test
1733,train
1737,test
1738,train
1739,train
1740,train
1741,test
1742,train
1743,test
1746,train
1748,train
1749,test
1750,train
1754,train
1756,test
1757,test
1759,train
1760,train
1763,test
1764,test
1765,train
1766,train
1767,train
1776,train
1778,train
1779,train
1781,test
1782,test
1784,train
1785,train
1786,test
1787,train
1791,train
1793,train
1796,test
1797,test
1798,train
1799,test
1800,train
1801,test
1802,test
1805,train
1807,train
1809,train
1810,train
1811,train
1815,test
1817,train
1818,test
1819,train
1820,train
1822,train
1828,train
1829,test
1830,test
1831,train
1833,test
1834,train
1835,train
1836,train
1837,test
1838,train
1839,train
1840,train
1841,test
1842,train
1843,train
1844,train
1847,train
1848,train
1849,train
1851,test
1854,test
1855,train
1856,train
1857,train
1858,train
1860,train
1861,train
1862,train
1864,test
1865,train
1866,train
1867,train
1869,train
1871,train
1873,test
1874,train
1875,train
1877,train
1878,test
1879,train
1880,test
1881,train
1882,train
1884,train
1889,train
1890,train
1892,train
1894,train
1895,train
1903,train
1904,train
1906,train
1907,train
1908,train
1910,test
1911,train
1913,train
1914,train
1915,test
1917,train
1918,train
1919,train
1920,train
1922,test
1924,test
1927,train
1928,train
1930,train
1932,train
1933,test
1935,train
1936,train
1937,train
1938,train
1941,train
1945,test
1948,train
1949,train
1951,test
1952,train
1953,train
1954,train
1955,train
1956,train
1957,train
1958,train
1960,train
1962,train
1964,train
1965,train
1966,train
1968,test
1972,train
1973,train
1974,train
1976,train
1977,test
1978,train
1979,train
1983,train
1984,test
1986,train
1987,test
1988,train
1989,train
1990,train
1991,test
1992,train
1993,train
1996,test
1997,train
1998,train
1999,train
2000,train
2001,train
2002,train
2004,train
2005,train
2008,train
2009,train
2010,train
2011,test
2013,test
2016,test
2018,train
2019,train
2020,train
2022,train
2023,train
2024,train
2025,test
2026,train
2027,train
2028,train
2029,train
2030,train
2031,train
2032,train
2034,train
2036,test
2037,train
2038,train
2040,train
2043,train
2044,train
2045,train
2046,train
2047,train
2048,train
2049,train
2050,train
2051,train
2052,test
2053,train
2055,train
2056,train
2059,train
2060,train
2061,train
2062,train
2063,train
2064,train
2065,train
2067,train
2068,train
2069,train
2070,train
2071,train
2072,train
2073,test
2074,train
2077,train
2078,test
2079,test
2080,train
2081,train
2082,train
2083,train
2084,train
2085,train
2086,train
2089,train
2090,train
2095,train
2096,train
2097,test
2098,train
2100,train
2102,train
2103,train
2104,train
2105,train
2107,train
2108,test
2109,train
2110,train
2112,train
2113,test
2114,test
2115,train
2116,train
2117,train
2123,train
2124,train
2125,train
2127,test
2128,train
2129,test
2130,train
2132,test
2133,train
2134,test
2135,train
2136,train
2138,train
2139,train
2140,train
2141,train
2143,train
2145,train
2146,train
2147,train
2148,train
2149,train
2150,train
2151,train
2152,train
2153,train
2155,train
2156,train
2157,train
2158,train
2159,test
2160,train
2161,train
2162,train
2163,train
2164,test
2166,train
2167,train
2169,train
2170,train
2171,train
2172,train
2174,train
2175,train
2176,train
2179,train
2180,train
2182,train
2183,test
2184,train
2185,train
2186,test
2188,train
2189,train
2191,train
2192,test
2194,train
2195,train
2196,train
2197,train
2199,train
2200,train
2201,train
2202,train
2203,train
2204,train
2205,train
2206,train
2207,test
2208,train
2210,test
2211,test
2212,train
2214,train
2215,train
2216,train
2218,train
2219,train
2220,train
2221,test
2223,train
2224,train
2225,train
2226,train
2227,train
2228,train
2231,test
2234,train
2237,train
2238,test
2239,train
2240,train
2242,train
2243,test
2244,test
2245,train
2246,train
2248,train
2251,train
2252,train
2254,train
2255,test
2256,train
2257,train
2259,train
2260,train
2262,train
2263,train
2265,train
2266,test
2267,train
2268,train
2269,train
2270,test
2271,train
2274,train
2275,train
2276,test
2277,test
2278,train
2279,train
2281,train
2282,train
2283,train
2284,train
2285,train
2286,train
2289,test
2290,train
2291,test
2294,train
2295,test
2296,test
2297,train
2298,train
2300,train
2301,test
2302,train
2303,test
2304,train
2305,train
2306,train
2307,train
2309,train
2310,train
2311,train
2312,train
2313,train
2315,train
2316,train
2317,train
2319,test
2321,train
2323,train
2325,test
2329,train
2330,train
2331,train
2332,train
2333,train
2334,train
2335,train
2336,train
2337,train
2338,train
2339,train
2340,train
2341,test
2342,train
2343,train
2344,train
2345,train
2346,train
2347,train
2349,train
2350,train
2351,test
2352,train
2354,train
2356,test
2357,train
2358,train
2359,train
2360,train
2361,train
2363,train
2364,train
2365,test
2366,test
2367,train
2368,train
2369,test
2371,test
2374,train
2376,train
2377,train
2379,test
2380,test
2381,train
2382,test
2383,test
2385,train
2386,train
2387,train
2388,train
2390,train
2391,train
2392,train
2393,train
2394,train
2396,test
2398,train
2399,train
2400,train
2401,train
2402,train
2404,train
2405,test
2406,train
2408,train
2409,train
2412,train
2413,train
2418,train
2419,train
2420,train
2423,train
2424,train
2425,train
2426,train
2427,train
2428,train
2429,train
2430,train
2431,test
2432,train
2433,train
2434,test
2435,train
2436,train
2438,train
2439,train
2442,train
2444,train
2445,train
2446,test
2447,train
2448,train
2449,test
2451,train
2452,train
2453,train
2454,train
2455,train
2456,train
2457,train
2458,train
2459,train
2460,train
2462,train
2464,train
2465,train
2466,train
2467,test
2468,train
2469,test
2470,test
2471,train
2472,train
2474,train
2475,train
2476,train
2477,train
2478,train
2480,train
2481,train
2482,train
2483,train
2487,train
2491,train
2495,train
2497,train
2498,train
2499,train
2501,train
2502,test
2503,test
2504,train
2505,test
2506,train
2507,train
2510,train
2511,test
2512,train
2513,test
2514,test
2515,test
2516,train
2517,train
2518,train
2519,train
2520,train
2521,train
2522,train
2523,train
2524,train
2525,test
2526,test
2527,train
2530,train
2534,test
2536,train
2538,train
2540,train
2541,train
2543,train
2544,test
2545,train
2548,test
2549,train
2550,train
2552,train
2554,train
2555,test
2557,test
2558,train
2559,train
2561,train
2562,train
2563,train
2565,test
2567,train
2568,train
2569,train
2571,train
2572,train
2573,test
2574,train
2575,train
2576,test
2577,train
2580,test
2581,train
2582,train
2583,train
2584,train
2586,train
2588,train
2589,train
2590,train
2592,train
2593,train
2594,train
2595,train
2597,train
2598,test
2599,train
2602,train
2603,test
2605,train
2607,train
2609,train
2614,train
2615,train
2617,train
2618,train
2619,train
2620,test
2624,test
2625,test
2626,train
2628,train
2630,train
2631,train
2632,train
2633,test
2634,train
2638,train
2639,train
2640,test
2641,train
2642,train
2643,train
2644,train
2645,train
2646,train
2647,train
2648,train
2649,train
2651,train
2653,train
2654,train
2656,train
2657,train
2658,train
2659,train
2660,train
2662,train
2664,train
2665,train
2666,train
2667,train
2668,train
2670,train
2671,train
2672,train
2673,train
2674,train
2675,train
2676,test
2677,test
2678,train
2679,test
2681,train
2682,train
2684,train
2686,train
2687,train
2690,test
2691,train
2693,train
2694,train
2695,train
2696,train
2698,train
2699,train
2700,train
2701,train
2702,test
2703,train
2704,train
2705,train
2706,train
2707,train
2708,train
2710,test
2711,train
2712,test
2713,train
2714,test
2715,train
2716,train
2719,test
2721,train
2722,train
2723,train
2724,train
2725,train
2726,train
2728,test
2729,test
2730,train
2731,test
2733,train
2735,test
2736,train
2737,train
2738,train
2739,train
2740,train
2745,train
2747,train
2748,train
2749,train
2750,train
2751,train
2752,train
2753,train
2754,train
2755,train
2756,train
2757,train
2759,train
2760,train
2761,train
2762,train
2764,test
2765,train
2770,test
2773,train
2774,test
2776,train
2777,train
2778,test
2780,test
2781,train
2782,test
2783,train
2784,test
2785,train
2786,train
2787,test
2788,train
2789,train
2790,train
2791,train
2792,train
2795,train
2796,train
2797,train
2798,train
2799,train
2800,train
2804,train
2805,train
2806,train
2807,train
2809,train
2810,train
2811,train
2812,train
2816,train
2817,train
2819,test
2820,train
2822,test
2823,train
2825,train
2826,train
2827,train
2828,train
2830,train
2832,train
2834,train
2835,test
2836,train
2837,test
2838,train
2839,train
2840,train
2841,test
2842,train
2843,train
2844,train
2845,train
2846,train
2847,test
2848,train
2849,train
2853,train
2854,train
2855,train
2856,train
2857,train
2858,train
2860,train
2862,train
2863,train
2864,train
2865,test
2866,train
2867,test
2869,test
2871,train
2873,train
2875,train
2876,train
2878,train
2881,train
2882,train
2883,test
2884,train
2886,test
2887,train
2888,train
2890,train
2891,train
2894,train
2895,train
2896,train
2897,train
2899,test
2900,train
2904,train
2905,train
2906,train
2907,train
2909,train
2916,test
2917,train
2919,train
2920,train
2921,train
2923,train
2924,train
2926,test
2928,train
2931,train
2932,train
2933,train
2934,train
2935,test
2936,train
2937,test
2938,train
2939,test
2940,test
2941,train
2942,train
2943,train
2945,train
2949,train
2950,train
2951,train
2952,train
2953,train
2955,train
2956,train
2957,train
2958,test
2960,train
2962,test
2963,train
2964,train
2965,train
2966,train
2968,train
2970,train
2971,test
2972,train
2975,train
2977,train
2978,train
2980,train
2981,train
2982,train
2985,test
2986,train
2987,train
2988,test
2989,train
2990,test
2991,test
2994,train
2995,test
2996,train
2997,train
2998,train
3001,train
3006,train
3007,train
3008,train
3009,train
3011,train
3012,train
3016,train
3017,train
3019,train
3020,train
3021,train
3022,train
3023,train
3025,train
3026,test
3028,test
3030,test
3031,train
3032,train
3033,test
3034,train
3035,test
3036,train
3037,test
3038,train
3039,train
3042,test
3043,train
3045,train
3046,train
3047,train
3049,test
3050,test
3051,test
3052,train
3053,train
3055,train
3057,train
3058,train
3060,train
3062,test
3064,train
3065,train
3066,train
3067,train
3069,train
3070,train
3071,train
3072,train
3074,train
3075,train
3076,train
3077,test
3079,test
3081,train
3083,train
3086,train
3087,train
3088,train
3089,train
3091,train
3092,train
3094,test
3096,train
3098,test
3099,train
3103,train
3104,train
3106,test
3110,train
3111,train
3112,train
3113,train
3114,train
3115,train
3116,train
3119,test
3120,train
3121,train
3123,train
3125,train
3126,train
3127,train
3128,train
3129,train
3130,train
3132,test
3133,train
3134,train
3135,train
3137,train
3138,train
3139,train
3140,test
3141,train
3143,train
3144,train
3146,train
3147,train
3148,train
3150,train
3151,test
3152,test
3153,train
3154,test
3155,train
3156,train
3157,train
3158,train
3160,train
3161,train
3162,train
3164,test
3165,test
3166,test
3169,train
3171,train
3172,train
3173,train
3174,train
3175,train
3177,test
3179,train
3180,train
3181,train
3182,test
3184,train
3185,train
3186,train
3188,train
3191,train
3193,train
3196,train
3197,train
3200,train
3202,train
3203,train
3204,train
3205,test
3206,train
3207,train
3208,train
3210,train
3213,train
3215,train
3216,train
3217,train
3218,train
3220,train
3221,train
3223,train
3224,train
3227,test
3232,train
3233,train
3234,test
3235,train
3237,train
3238,train
3240,train
3244,train
3249,train
3250,train
3251,test
3252,test
3253,train
3255,train
3256,test
3257,train
3259,test
3260,test
3263,train
3264,train
3266,train
3270,train
3271,test
3273,train
3274,train
3275,train
3276,test
3277,test
3278,train
3281,train
3282,train
3283,train
3285,train
3288,train
3290,train
3291,test
3293,train
3294,train
3295,train
3296,test
3297,train
3298,test
3299,test
3300,train
3301,train
3302,train
3303,train
3304,train
3305,train
3306,train
3307,train
3309,train
3310,train
3311,train
3312,test
3313,train
3314,train
3316,train
3317,test
3318,train
3319,train
3320,train
3321,train
3322,train
3323,test
3324,train
3325,test
3326,test
3329,train
3330,train
3336,train
3337,train
3339,test
3340,train
3341,test
3342,train
3343,test
3344,train
3346,train
3347,train
3348,train
3349,train
3351,train
3352,train
3353,train
3354,train
3355,train
3356,train
3358,train
3359,train
3360,train
3361,train
3362,train
3363,test
3364,test
3365,train
3366,train
3367,train
3368,train
3370,train
3373,test
3374,train
3376,train
3377,train
3379,test
3380,train
3382,train
3385,train
3386,test
3388,train
3389,train
3390,train
3391,test
3392,test
3393,train
3394,train
3395,train
3396,train
3397,train
3398,train
3399,train
3400,train
3408,train
3409,train
3410,train
3411,train
3412,train
3413,train
3414,train
3415,train
3416,train
3417,train
3420,train
3421,train
3422,test
3424,train
3425,train
3426,train
3429,train
3430,test
3431,train
3433,train
3434,test
3435,train
3436,test
3440,train
3441,test
3443,train
3444,train
3445,test
3446,train
3447,train
3448,test
3449,train
3450,test
3451,train
3452,train
3455,test
3456,train
3457,train
3459,train
3460,train
3462,train
3463,train
3464,train
3465,train
3466,train
3467,train
3468,train
3470,test
3471,train
3472,train
3474,train
3476,train
3477,train
3478,train
3479,train
3481,train
3484,train
3485,test
3486,train
3487,train
3488,test
3490,train
3491,train
3492,train
3497,test
3499,train
3500,train
3501,train
3504,test
3507,test
3508,train
3509,train
3511,train
3512,train
3514,test
3515,train
3516,train
3517,test
3518,train
3519,train
3520,train
3521,train
3522,train
3523,test
3524,test
3528,train
3529,train
3531,train
3532,train
3533,train
3535,train
3536,train
3537,train
3538,train
3539,train
3540,train
3541,test
3542,train
3543,test
3546,train
3547,test
3549,train
3550,train
3552,test
3553,test
3554,test
3555,train
3556,test
3557,train
3558,train
3559,train
3561,train
3564,test
3565,train
3566,train
3568,train
3569,test
3570,train
3572,train
3573,train
3576,train
3578,train
3579,train
3580,train
3582,train
3583,train
3584,train
3587,train
3589,train
3591,train
3592,train
3593,train
3594,test
3595,train
3596,test
3597,train
3599,train
3603,train
3604,train
3605,train
3606,train
3607,train
3608,test
3609,train
3610,train
3611,train
3612,train
3613,train
3614,train
3615,train
3618,test
3619,train
3620,train
3622,train
3623,train
3624,train
3625,train
3626,test
3627,train
3629,test
3630,train
3632,test
3633,train
3635,test
3636,train
3637,train
3638,train
3641,train
3642,train
3643,train
3644,train
3645,train
3646,train
3647,train
3648,test
3649,train
3650,train
3651,train
3652,train
3654,train
3655,test
3656,train
3657,train
3658,train
3659,train
3662,train
3663,test
3664,train
3666,train
3669,train
3670,test
3672,train
3673,train
3674,train
3675,train
3676,train
3679,train
3681,train
3682,train
3683,train
3685,train
3687,test
3688,train
3689,train
3690,train
3691,train
3692,train
3693,train
3694,train
3695,train
3696,train
3697,train
3698,train
3699,test
3700,train
3701,train
3702,train
3703,train
3706,train
3707,train
3709,train
3712,train
3713,train
3714,train
3715,train
3718,train
3719,train
3720,train
3721,test
3722,train
3723,test
3726,train
3729,train
3730,test
3731,train
3732,train
3733,train
3734,train
3735,train
3738,train
3743,train
3744,train
3745,train
3746,train
3747,train
3748,train
3749,test
3750,train
3751,train
3752,train
3753,train
3755,train
3756,train
3757,train
3759,train
3762,train
3763,train
3764,train
3765,train
3766,test
3767,train
3769,train
3770,train
3772,train
3773,train
3775,train
3776,test
3779,train
3781,train
3782,train
3784,train
3785,train
3786,train
3788,test
3790,test
3792,train
3793,test
3794,train
3796,test
3797,train
3798,train
3799,test
3800,train
3801,train
3803,test
3805,train
3806,train
3807,train
3810,train
3811,train
3812,train
3813,train
3815,train
3816,train
3817,train
3818,train
3819,train
3820,test
3821,train
3823,train
3824,train
3825,train
3826,train
3827,train
3828,train
3830,test
3832,test
3833,train
3834,test
3835,test
3836,test
3837,train
3839,train
3840,train
3841,test
3842,train
3843,train
3844,train
3845,train
3846,train
3847,test
3848,test
3849,train
3850,train
3851,train
3852,train
3853,train
3854,train
3855,train
3856,train
3858,train
3860,train
3861,train
3862,train
3863,test
3864,train
3865,train
3866,train
3868,train
3869,train
3871,train
3872,train
3873,train
3875,train
3876,train
3877,train
3878,train
3879,train
3882,test
3883,test
3885,train
3886,train
3887,train
3888,train
3889,train
3890,train
3895,train
3896,train
3897,train
3899,train
3900,train
3901,train
3902,test
3905,train
3907,train
3908,train
3909,test
3910,test
3911,train
3912,train
3913,train
3914,train
3915,test
3916,test
3917,train
3918,train
3919,test
3921,train
3922,train
3923,train
3924,train
3925,train
3926,train
3928,test
3929,test
3930,train
3932,train
3933,test
3935,train
3938,train
3939,train
3942,train
3943,train
3944,train
3945,train
3947,train
3948,test
3949,train
3950,train
3951,train
3952,train
3953,train
3954,test
3956,train
3957,test
3960,train
3961,test
3962,test
3965,test
3966,train
3967,test
3968,train
3969,train
3971,train
3972,train
3973,train
3974,train
3976,train
3977,train
3978,train
3983,test
3984,train
3986,train
3988,train
3989,train
3991,train
3992,test
3993,train
3995,train
3996,train
3997,train
3998,train
3999,test
4000,train
4001,train
4002,train
4003,test
4004,train
4005,test
4007,train
4008,test
4010,train
4012,train
4013,train
4014,train
4015,train
4017,train
4018,train
4020,train
4021,train
4023,test
4024,train
4025,test
4028,train
4029,train
4030,train
4032,test
4033,train
4035,train
4036,train
4037,train
4038,test
4041,train
4043,test
4044,train
4046,train
4049,train
4050,train
4051,train
4052,train
4054,train
4055,train
4056,train
4057,test
4058,test
4059,train
4061,test
4062,train
4063,train
4066,train
4067,train
4069,train
4070,train
4071,train
4072,train
4073,train
4074,test
4077,train
4078,test
4080,train
4081,train
4082,train
4083,train
4084,train
4088,test
4089,train
4091,train
4093,train
4096,train
4098,train
4099,train
4100,train
4101,test
4103,train
4104,train
4107,train
4108,train
4110,train
4112,test
4113,train
4114,train
4115,train
4116,test
4118,train
4120,train
4121,train
4122,test
4124,test
4127,train
4128,train
4129,test
4131,train
4132,train
4134,train
4136,test
4137,train
4138,train
4139,train
4141,train
4143,test
4144,test
4145,test
4146,test
4147,train
4148,test
4149,test
4150,train
4152,train
4158,train
4159,train
4160,test
4161,train
4162,train
4163,test
4164,train
4165,train
4167,train
4168,train
4170,test
4171,train
4172,test
4174,train
4175,train
4176,train
4177,test
4178,train
4180,train
4182,test
4185,train
4187,train
4188,test
4189,test
4190,train
4192,train
4194,train
4195,train
4196,train
4198,train
4199,train
4200,train
4203,train
4204,train
4205,train
4206,train
4207,train
4208,train
4211,train
4212,train
4213,test
4219,train
4220,train
4221,train
4222,train
4223,train
4225,test
4226,test
4227,train
4228,train
4230,train
4231,train
4232,train
4234,train
4235,train
4236,train
4237,test
4238,train
4239,train
4240,train
4241,train
4242,train
4243,train
4244,train
4245,test
4246,train
4247,train
4248,train
4249,train
4250,train
4253,train
4254,train
4255,train
4256,test
4259,test
4260,train
4261,train
4262,test
4263,train
4264,train
4265,train
4266,train
4267,train
4269,train
4270,train
4271,train
4273,train
4274,train
4275,train
4276,train
4277,train
4278,train
4281,test
4282,train
4283,test
4285,train
4286,train
4287,train
4288,train
4290,train
4291,train
4293,train
4295,train
4298,train
4299,train
4300,train
4301,test
4304,train
4306,train
4307,train
4308,train
4309,test
4310,train
4312,train
4313,train
4315,train
4316,train
4317,train
4320,train
4321,test
4322,train
4323,test
4324,train
4326,test
4327,train
4328,train
4329,train
4330,train
4331,train
4332,train
4333,train
4334,test
4336,train
4337,train
4339,train
4340,test
4341,train
4342,train
4343,train
4345,test
4346,train
4347,test
4348,train
4349,train
4351,train
4353,train
4354,train
4355,train
4357,test
4358,train
4359,train
4360,train
4362,train
4363,test
4364,train
4365,test
4366,train
4367,train
4368,test
4369,train
4371,test
4373,train
4374,train
4375,test
4376,train
4377,train
4378,train
4381,test
4382,train
4384,train
4385,train
4386,test
4388,train
4390,train
4391,train
4392,test
4393,train
4396,train
4398,test
4399,train
4402,test
4403,train
4405,train
4406,test
4407,test
4408,train
4410,test
4412,train
4414,train
4415,train
4416,train
4417,train
4418,train
4419,test
4420,train
4421,train
4423,train
4427,train
4428,test
4429,train
4431,train
4432,train
4433,train
4434,train
4435,train
4436,train
4437,train
4438,train
4439,train
4442,test
4443,train
4444,train
4445,test
4447,train
4449,train
4450,train
4452,test
4453,test
4454,train
4455,train
4457,train
4458,train
4460,train
4464,train
4465,train
4467,train
4468,test
4469,train
4470,train
4471,train
4472,test
4473,train
4474,train
4475,train
4476,train
4478,train
4479,train
4480,train
4481,train
4482,test
4484,train
4485,train
4487,train
4488,train
4489,test
4490,train
4491,test
4492,train
4493,train
4494,test
4495,train
4496,train
4497,train
4499,test
4500,train
4503,train
4507,test
4508,train
4509,train
4510,train
4511,train
4512,train
4513,train
4515,train
4516,train
4517,train
4518,train
4519,train
4520,train
4521,train
4522,train
4523,train
4525,train
4527,train
4528,test
4529,test
4530,train
4531,train
4532,train
4533,train
4534,test
4535,train
4536,train
4537,train
4538,train
4541,test
4542,test
4543,train
4545,train
4546,train
4547,train
4548,train
4550,train
4551,train
4554,train
4555,train
4556,train
4557,train
4558,train
4561,train
4563,train
4565,train
4567,test
4568,test
4569,train
4570,train
4573,train
4574,train
4575,train
4576,train
4577,train
4578,train
4579,train
4581,train
4582,train
4583,test
4584,train
4585,train
4586,train
4587,train
4589,train
4590,test
4591,train
4592,train
4593,train
4594,train
4595,train
4598,train
4599,train
4600,test
4602,train
4604,train
4605,train
4607,test
4608,test
4611,train
4612,train
4614,test
4615,train
4616,test
4617,train
4619,test
4620,train
4621,train
4622,train
4623,test
4626,train
4629,train
4631,train
4633,test
4637,train
4640,train
4641,train
4642,train
4645,train
4646,train
4647,train
4648,test
4649,train
4650,train
4651,train
4653,train
4655,train
4656,train
4657,train
4659,train
4660,train
4661,train
4663,train
4666,test
4667,train
4670,train
4672,train
4673,test
4674,train
4675,test
4676,train
4677,train
4682,train
4683,train
4684,train
4686,train
4687,train
4688,train
4689,train
4690,test
4692,train
4694,train
4695,test
4696,test
4698,train
4700,train
4701,train
4704,train
4705,test
4706,test
4707,train
4708,test
4709,train
4710,train
4711,train
4713,train
4714,train
4715,train
4716,train
4717,train
4718,train
4721,train
4722,train
4723,train
4724,train
4725,train
4726,train
4727,train
4728,train
4729,train
4730,test
4734,train
4735,train
4736,train
4738,train
4739,train
4740,train
4741,train
4742,train
4743,train
4744,train
4747,test
4748,train
4750,test
4751,train
4754,train
4755,train
4756,train
4758,train
4759,train
4764,train
4765,train
4766,train
4767,train
4769,train
4770,train
4771,test
4772,train
4775,train
4776,test
4777,train
4778,train
4782,train
4783,train
4784,train
4785,test
4786,train
4787,train
4789,train
4790,test
4791,train
4792,train
4793,train
4794,train
4796,test
4797,train
4798,train
4799,train
4800,train
4801,test
4803,train
4804,test
4805,test
4806,train
4807,train
4808,train
4809,test
4810,train
4811,train
4812,test
4813,train
4815,train
4816,train
4817,test
4818,test
4819,train
4820,train
4821,test
4824,train
4825,train
4826,train
4827,train
4828,train
4829,train
4830,train
4832,train
4833,train
4834,train
4837,train
4838,train
4839,test
4840,train
4841,train
4842,test
4844,train
4846,train
4847,train
4848,train
4849,train
4851,train
4852,train
4853,train
4854,train
4855,train
4857,train
4860,test
4861,test
4862,train
4863,test
4864,test
4866,train
4867,test
4868,train
4869,train
4870,train
4871,train
4872,train
4873,train
4874,test
4875,train
4876,test
4878,train
4880,train
4881,train
4882,train
4883,train
4884,train
4885,train
4887,train
4888,train
4889,test
4890,train
4891,test
4892,train
4893,train
4894,train
4896,train
4897,train
4898,train
4899,train
4900,test
4902,train
4903,test
4904,train
4905,test
4906,test
4907,train
4908,test
4909,train
4910,train
4911,train
4913,train
4914,train
4915,train
4916,test
4918,test
4919,train
4921,train
4922,train
4923,train
4924,train
4926,train
4927,train
4928,train
4930,test
4931,test
4932,train
4933,train
4937,train
4938,train
4939,train
4940,train
4941,train
4943,train
4944,train
4945,train
4946,test
4947,train
4949,train
4951,train
4952,test
4953,test
4954,train
4955,train
4957,train
4958,train
4960,test
4961,train
4963,train
4964,train
4965,test
4967,train
4968,train
4970,train
4972,train
4973,train
4974,test
4975,train
4977,train
4978,test
4979,train
4981,train
4982,train
4984,train
4985,train
4987,train
4988,train
4991,train
4992,train
4993,train
4994,test
4995,train
4996,train
4997,test
4998,test
4999,test
5001,test
5002,train
5004,train
5005,train
5007,train
5010,train
5012,train
5013,test
5014,train
5016,train
5018,train
5019,train
5020,train
5022,train
5023,test
5025,train
5026,train
5027,train
5028,train
5031,train
5033,train
5034,train
5035,train
5036,train
5037,test
5040,train
5041,test
5043,train
5044,train
5046,test
5047,train
5049,train
5050,train
5051,train
5052,train
5054,train
5056,train
5057,train
5059,test
5060,test
5061,test
5062,train
5063,train
5066,train
5067,train
5068,train
5069,train
5070,train
5071,train
5073,train
5074,train
5076,train
5078,train
5079,train
5080,test
5081,train
5085,test
5086,train
5087,train
5088,train
5089,train
5090,train
5091,train
5092,train
5094,train
5095,train
5097,train
5098,train
5099,train
5100,train
5102,train
5105,train
5106,train
5107,test
5108,train
5110,test
5111,train
5113,train
5114,test
5117,train
5118,train
5119,train
5120,train
5121,train
5123,train
5124,test
5125,train
5131,train
5133,train
5135,train
5136,train
5137,train
5138,train
5140,train
5141,train
5142,train
5144,train
5146,train
5149,train
5150,train
5151,train
5153,test
5155,test
5156,test
5158,train
5160,train
5161,train
5162,train
5163,train
5164,train
5165,test
5166,train
5167,train
5168,train
5170,test
5171,test
5172,test
5173,train
5174,train
5175,train
5177,train
5178,train
5180,train
5182,train
5183,train
5187,test
5188,train
5189,train
5191,train
5192,train
5193,test
5195,test
5196,train
5197,train
5201,train
5202,train
5204,test
5205,train
5206,train
5207,test
5208,train
5209,train
5210,train
5211,train
5212,train
5213,train
5216,train
5217,train
5218,train
5219,test
5220,train
5223,train
5227,train
5229,train
5230,test
5231,train
5232,train
5234,train
5236,train
5237,train
5238,test
5239,train
5240,train
5241,train
5242,train
5243,train
5244,train
5245,train
5246,train
5248,test
5249,test
5250,train
5251,train
5252,train
5254,train
5255,train
5256,train
5257,train
5261,train
5262,train
5264,test
5266,train
5269,train
5271,train
5274,test
5275,train
5276,train
5277,train
5278,test
5279,train
5282,train
5283,train
5285,train
5286,train
5287,train
5288,train
5290,train
5292,train
5293,train
5295,train
5296,test
5297,train
5298,test
5301,train
5303,train
5304,train
5307,test
5308,train
5309,test
5310,train
5311,test
5312,train
5314,train
5315,train
5316,test
5317,train
5318,train
5319,train
5320,train
5322,train
5323,test
5325,train
5326,test
5327,train
5328,train
5329,train
5331,train
5333,train
5335,train
5337,train
5338,test
5339,train
5340,train
5341,train
5342,train
5343,train
5344,train
5345,train
5346,train
5347,test
5349,train
5350,train
5351,train
5352,test
5353,test
5354,train
5355,train
5356,train
5359,train
5360,train
5361,train
5362,train
5364,train
5367,train
5368,train
5370,train
5371,test
5374,train
5375,train
5376,test
5377,train
5378,train
5379,train
5380,train
5384,train
5385,train
5386,train
5387,test
5388,train
5389,train
5391,test
5392,train
5393,train
5394,train
5395,train
5397,test
5400,train
5401,test
5404,train
5405,train
5407,train
5408,train
5409,train
5410,test
5411,train
5413,train
5416,train
5418,train
5419,test
5422,test
5423,train
5425,train
5427,train
5428,train
5429,train
5430,train
5432,test
5433,train
5435,train
5437,train
5438,test
5440,train
5441,test
5445,test
5446,test
5447,test
5448,train
5449,test
5452,train
5453,train
5457,test
5459,train
5460,train
5461,test
5463,train
5464,test
5466,train
5467,train
5468,train
5470,train
5473,train
5476,train
5479,train
5481,train
5482,test
5484,train
5486,train
5487,train
5488,train
5489,train
5491,train
5493,train
5494,train
5495,train
5497,train
5498,train
5502,train
5503,train
5505,train
5506,train
5508,train
5509,test
5510,train
5511,train
5512,train
5513,train
5514,train
5515,test
5516,train
5518,train
5520,test
5522,train
5524,train
5526,train
5527,train
5529,train
5530,train
5531,train
5532,train
5533,train
5536,train
5537,train
5538,train
5539,test
5540,test
5541,train
5543,train
5544,train
5547,train
5549,train
5551,train
5552,test
5553,train
5554,test
5555,train
5561,train
5562,train
5563,train
5564,train
5565,test
5566,train
5567,train
5570,test
5571,train
5572,train
5573,train
5574,test
5575,test
5578,test
5580,test
5581,train
5582,train
5583,train
5584,test
5585,test
5587,train
5589,train
5590,train
5592,train
5593,train
5594,train
5595,train
5598,train
5599,train
5601,train
5602,train
5603,train
5604,train
5605,train
5606,train
5608,test
5609,train
5613,train
5615,train
5616,train
5618,train
5620,train
5621,train
5623,train
5624,train
5626,train
5627,train
5629,train
5630,train
5631,train
5632,train
5634,train
5637,train
5638,train
5642,test
5643,train
5645,train
5647,train
5648,train
5651,train
5652,train
5653,train
5654,train
5655,train
5656,test
5658,train
5660,train
5661,train
5662,test
5664,train
5665,train
5666,train
5668,train
5669,train
5670,train
5673,train
5675,test
5676,test
5677,train
5678,train
5679,train
5681,train
5682,train
5683,train
5685,train
5686,test
5687,train
5691,test
5692,train
5693,train
5694,train
5697,train
5698,train
5701,train
5703,train
5704,test
5706,train
5709,train
5711,train
5712,test
5713,train
5714,train
5716,test
5717,train
5721,train
5722,train
5723,train
5724,train
5727,train
5728,train
5729,train
5730,test
5731,train
5732,train
5733,train
5734,train
5735,train
5736,test
5737,train
5738,train
5739,train
5740,train
5741,train
5743,train
5746,test
5747,train
5749,train
5750,train
5751,train
5753,train
5754,train
5755,train
5757,train
5758,train
5759,train
5761,train
5762,train
5763,test
5764,train
5766,test
5768,train
5769,test
5770,train
5771,train
5773,test
5774,test
5775,test
5777,train
5778,train
5779,train
5782,train
5783,train
5788,test
5790,train
5791,test
5792,train
5793,train
5795,train
5796,train
5797,train
5798,train
5799,test
5800,train
5801,train
5802,test
5803,train
5804,train
5806,train
5809,train
5810,test
5811,train
5812,train
5813,test
5816,train
5817,test
5818,test
5820,train
5821,train
5823,train
5824,train
5825,train
5826,test
5829,train
5832,train
5833,train
5834,train
5836,test
5838,test
5839,test
5841,train
5842,train
5844,train
5845,train
5849,train
5850,train
5851,train
5852,train
5853,train
5854,train
5855,train
5856,train
5861,train
5862,train
5863,train
5864,train
5866,train
5867,train
5868,train
5869,train
5870,test
5871,train
5872,test
5873,train
5874,train
5875,test
5876,test
5877,train
5878,train
5879,train
5881,train
5884,test
5885,train
5886,train
5888,train
5889,train
5891,train
5892,train
5894,train
5895,train
5899,train
5900,train
5902,train
5903,train
5904,train
5907,train
5908,test
5909,train
5911,train
5912,train
5914,train
5916,train
5917,train
5918,train
5921,train
5922,train
5924,train
5925,train
5926,train
5927,train
5928,test
5929,train
5930,test
5931,test
5934,train
5935,test
5936,train
5940,train
5941,train
5942,train
5943,train
5944,train
5945,train
5947,train
5948,train
5949,train
5950,test
5951,train
5952,test
5954,train
5955,train
5956,train
5957,train
5958,train
5959,train
5960,test
5961,train
5962,test
5963,train
5964,train
5965,test
5967,train
5971,test
5973,train
5974,train
5975,train
5976,train
5977,train
5980,train
5981,test
5982,train
5985,train
5986,test
5987,train
5988,train
5989,train
5991,train
5992,train
5993,train
5995,train
5996,train
6000,train
6001,train
6002,train
6003,train
6004,train
6005,train
6006,train
6007,train
6008,train
6009,train
6010,train
6013,train
6015,train
6016,train
6017,test
6018,train
6019,test
6020,train
6021,train
6023,train
6024,train
6025,train
6026,train
6028,test
6029,train
6030,train
6032,train
6033,test
6034,train
6038,train
6039,train
6040,train
6042,train
6044,test
6045,train
6046,test
6047,train
6048,train
6052,test
6053,train
6054,train
6055,train
6057,train
6058,train
6060,train
6061,train
6062,train
6067,train
6069,test
6070,test
6071,train
6072,train
6073,train
6074,train
6077,train
6078,train
6079,train
6080,train
6081,train
6083,train
6084,train
6085,test
6086,train
6087,train
6088,train
6091,test
6093,train
6094,train
6095,train
6096,train
6097,train
6099,train
6100,train
6101,train
6103,train
6104,test
6105,train
6106,train
6107,train
6108,test
6109,train
6110,train
6111,train
6113,test
6114,train
6115,train
6116,train
6118,test
6119,train
6120,test
6121,test
6122,train
6124,train
6128,train
6129,train
6130,train
6131,train
6132,train
6133,train
6135,train
6136,train
6138,train
6139,test
6140,train
6141,train
6143,test
6146,train
6148,train
6149,train
6150,train
6151,train
6152,train
6153,train
6155,train
6156,train
6157,train
6158,train
6163,train
6164,test
6165,train
6166,train
6168,train
6170,train
6171,train
6172,train
6174,test
6175,train
6176,train
6177,test
6179,train
6180,train
6181,train
6182,test
6184,train
6186,test
6189,train
6190,train
6193,train
6194,train
6197,train
6198,train
6199,train
6200,train
6203,train
6204,train
6206,train
6207,train
6209,test
6210,train
6211,train
6212,train
6213,test
6215,train
6216,train
6217,train
6218,train
6221,test
6222,train
6225,train
6226,train
6228,train
6229,test
6230,train
6231,train
6233,test
6235,test
6236,train
6237,train
6239,train
6240,train
6243,train
6244,train
6245,train
6246,train
6249,train
6250,train
6253,test
6254,train
6255,train
6256,train
6257,train
6258,test
6260,test
6261,train
6263,train
6264,test
6265,train
6267,train
6268,train
6271,train
6272,train
6274,train
6275,test
6277,train
6280,train
6282,train
6283,train
6284,test
6285,train
6286,train
6287,test
6290,train
6292,train
6293,train
6294,train
6295,train
6296,test
6297,train
6300,train
6301,train
6302,train
6306,train
6307,train
6309,train
6310,train
6311,train
6312,train
6313,train
6314,train
6315,train
6316,train
6317,train
6318,train
6320,train
6322,train
6325,train
6326,test
6327,train
6328,train
6329,train
6332,test
6333,train
6335,test
6338,test
6340,train
6341,train
6342,train
6343,train
6344,test
6346,test
6347,train
6349,test
6350,train
6351,train
6353,test
6355,train
6358,test
6359,train
6360,train
6361,train
6362,train
6363,train
6364,train
6365,test
6366,train
6367,train
6368,train
6369,train
6370,train
6372,test
6373,train
6376,test
6377,train
6378,train
6380,train
6381,train
6382,test
6384,train
6385,train
6387,train
6388,train
6389,train
6390,test
6391,test
6392,train
6393,train
6394,train
6395,train
6397,test
6398,test
6402,train
6403,train
6404,train
6408,train
6409,train
6411,train
6412,train
6413,train
6414,train
6417,train
6418,train
6420,train
6421,test
6424,train
6427,test
6429,train
6430,train
6431,train
6432,train
6433,train
6435,train
6437,train
6440,train
6442,train
6444,test
6446,test
6447,train
6448,train
6450,train
6451,train
6452,train
6453,train
6454,train
6456,train
6457,train
6458,train
6459,test
6460,train
6461,train
6462,train
6463,train
6464,test
6465,test
6467,train
6470,train
6471,train
6472,train
6473,train
6474,train
6475,test
6476,train
6478,test
6479,train
6480,train
6481,test
6482,train
6483,train
6486,train
6487,train
6488,train
6490,train
6491,train
6492,train
6494,train
6496,train
6497,test
6498,train
6499,train
6501,train
6502,test
6503,train
6507,train
6509,test
6511,train
6512,train
6513,train
6516,train
6518,train
6519,train
6520,train
6521,train
6523,train
6524,test
6527,train
6528,train
6530,train
6532,train
6533,train
6534,train
6535,train
6536,train
6537,train
6538,train
6539,train
6541,train
6542,train
6543,train
6544,train
6545,train
6548,train
6549,test
6550,test
6552,test
6554,train
6556,train
6558,train
6559,train
6562,train
6563,train
6564,train
6566,train
6568,train
6569,train
6570,train
6571,train
6573,test
6574,train
6575,train
6576,train
6577,train
6579,test
6580,train
6581,train
6582,train
6584,train
6585,train
6586,train
6587,train
6589,train
6590,train
6591,train
6592,train
6595,train
6597,test
6599,test
6600,train
6602,test
6603,test
6604,test
6605,train
6606,train
6607,train
6608,test
6609,train
6610,test
6612,train
6613,train
6616,train
6618,train
6619,test
6620,test
6621,train
6624,train
6626,train
6627,train
6628,train
6631,test
6632,train
6634,train
6637,test
6638,train
6639,train
6640,train
6642,train
6643,test
6646,train
6647,train
6648,train
6650,train
6651,train
6654,train
6656,train
6657,test
6658,train
6660,train
6661,train
6662,test
6664,train
6667,train
6669,test
6670,test
6671,test
6672,train
6673,train
6674,test
6675,train
6676,train
6677,train
6678,train
6681,train
6682,train
6683,train
6684,test
6687,train
6690,train
6691,train
6692,train
6693,test
6694,train
6696,train
6697,train
6700,train
6701,train
6702,test
6703,train
6704,test
6706,train
6707,test
6709,train
6710,train
6712,train
6713,train
6714,train
6715,train
6718,train
6719,train
6720,train
6722,train
6723,test
6725,train
6726,train
6727,train
6731,train
6732,test
6734,test
6735,train
6737,test
6738,train
6739,train
6740,train
6742,train
6744,train
6745,test
6746,train
6749,test
6750,test
6751,train
6753,test
6754,train
6756,train
6758,test
6759,train
6760,train
6761,train
6765,test
6766,train
6767,train
6768,train
6769,train
6770,train
6771,train
6772,test
6774,test
6775,test
6777,train
6778,train
6780,train
6781,train
6782,train
6783,train
6785,train
6786,train
6787,train
6789,train
6791,test
6792,train
6793,train
6794,test
6795,train
6796,train
6797,train
6798,test
6799,train
6800,train
6802,train
6803,train
6804,test
6806,test
6809,train
6812,train
6813,train
6814,train
6815,train
6817,train
6818,train
6821,train
6822,train
6823,train
6824,train
6825,train
6827,train
6831,train
6834,test
6835,train
6836,train
6838,train
6839,train
6840,test
6841,train
6843,test
6844,train
6845,train
6846,train
6848,train
6851,train
6854,train
6855,train
6856,train
6858,train
6859,train
6860,train
6863,test
6864,test
6866,train
6868,train
6871,train
6872,train
6873,test
6875,train
6876,test
6877,train
6879,train
6880,train
6881,train
6882,test
6883,train
6884,test
6885,train
6886,train
6887,train
6889,train
6890,train
6891,train
6892,train
6894,train
6895,train
6896,train
6897,test
6898,train
6900,train
6902,train
6903,test
6907,test
6908,train
6909,test
6911,train
6914,train
6916,train
6917,test
6920,train
6922,train
6923,train
6924,train
6926,train
6927,train
6928,train
6929,train
6931,train
6932,train
6933,train
6935,test
6936,train
6937,train
6938,test
6941,train
6943,train
6944,train
6945,test
6946,train
6948,train
6949,test
6950,train
6951,train
6953,train
6954,train
6956,train
6957,train
6959,train
6960,train
6962,train
6963,train
6966,train
6967,train
6969,train
6973,train
6975,train
6977,train
6979,train
6980,train
6981,train
6982,train
6984,train
6986,test
6987,train
6988,train
6989,train
6991,test
6993,train
6998,train
6999,train
7000,train
7001,train
7009,train
7010,test
7013,train
7014,test
7016,train
7018,train
7021,train
7023,train
7024,train
7025,train
7026,test
7027,test
7028,train
7029,train
7030,train
7031,train
7032,train
7034,train
7036,test
7038,train
7040,test
7042,train
7043,train
7044,train
7047,train
7048,train
7049,train
7050,test
7051,train
7052,train
7053,train
7055,test
7057,train
7058,test
7059,test
7061,train
7062,train
7063,train
7064,train
7065,train
7066,train
7067,train
7068,train
7069,train
7070,train
7071,train
7072,train
7073,train
7076,train
7079,train
7080,train
7082,train
7083,train
7084,train
7086,train
7090,train
7091,train
7092,train
7093,train
7095,train
7097,train
7098,train
7099,train
7100,train
7101,test
7102,train
7103,train
7105,train
7107,train
7108,train
7109,train
7112,train
7113,train
7115,train
7117,train
7118,train
7121,train
7122,train
7125,train
7126,train
7130,test
7134,test
7139,train
7140,train
7150,train
7164,train
7171,train
7172,train
7173,train
7176,train
7193,train
7195,test
7196,test
7232,train
7234,train
7236,train
7264,train
7267,test
7273,train
7276,train
7279,train
7282,train
7293,train
7316,train
7337,train
7343,train
7355,train
7362,train
7366,test
7369,train
7380,train
7382,train
7384,train
7398,train
7399,train
7408,train
7414,train
7416,train
7427,test
7430,train
7447,train
7457,train
7458,train
7475,test
7492,train
7504,train
7508,train
7515,train
7525,train
7576,train
7579,test
7584,train
7597,train
7598,train
7609,test
7614,train
7618,train
7623,train
7661,train
7674,train
7678,train
7680,train
7688,train
7691,test
7699,train
7705,train
7718,train
7732,train
7747,train
7755,train
7769,train
7776,train
7780,train
7790,test
7800,train
7808,train
7839,train
7874,train
7875,train
7883,train
7885,train
7902,train
7904,train
7906,train
7907,train
7919,train
7921,train
7923,test
7925,test
7932,train
7935,train
7938,train
7939,test
7945,test
7951,test
7959,train
7960,train
7962,train
7967,test
7969,train
7973,train
7977,train
7987,train
7990,train
8006,train
8007,train
8016,train
8027,train
8028,train
8030,train
8048,test
8059,train
8070,train
8073,train
8078,train
8079,train
8080,train
8088,train
8090,test
8093,test
8094,train
8095,train
8098,test
8105,train
8110,test
8111,train
8114,train
8123,test
8126,train
8143,train
8144,train
8162,train
8183,train
8185,train
8198,train
8200,train
8202,train
8203,train
8222,test
8226,train
8251,train
8266,train
8269,train
8270,train
8271,train
8274,test
8276,test
8278,train
8280,train
8281,train
8285,train
8287,train
8290,train
8302,train
8303,train
8313,train
8319,test
8322,train
8323,train
8326,train
8330,train
8335,train
8341,train
8345,train
8351,train
8353,train
8359,train
8369,train
8371,train
8383,test
8389,train
8399,train
8400,train
8405,train
8408,test
8415,train
8421,train
8432,train
8448,train
8453,train
8455,train
8460,train
8461,train
8462,train
8464,train
8476,train
8485,test
8491,train
8492,train
8499,test
8502,train
8508,train
8510,test
8517,test
8518,train
8524,test
8527,test
8538,test
8546,train
8548,train
8560,train
8561,train
8562,test
8563,train
8564,train
8566,train
8569,train
8573,train
8579,train
8582,train
8585,train
8586,train
8594,train
8604,train
8605,train
8607,train
8611,train
8613,train
8616,train
8617,test
8618,train
8620,train
8622,train
8625,train
8629,test
8630,train
8632,train
8641,test
8642,test
8663,train
8665,train
8669,train
8676,test
8677,test
8678,train
8679,test
8680,test
8683,train
8688,train
8695,train
8698,test
8701,test
8705,train
8708,train
8716,train
8724,train
8726,train
8727,test
8730,train
8738,train
8742,train
8751,train
8754,train
8757,train
8759,test
8767,test
8772,test
8776,train
8778,train
8782,train
8784,test
8787,train
8792,train
8802,test
8807,train
8808,train
8810,test
8811,test
8812,train
8814,train
8815,train
8817,test
8820,train
8821,test
8829,train
8831,test
8834,train
8839,train
8846,train
8851,test
8856,train
8862,train
8872,train
8880,train
8884,test
8887,train
8888,train
8891,test
8893,train
8894,train
8896,train
8901,test
8902,train
8907,train
8910,train
8912,train
8917,train
8918,train
8920,train
8921,test
8928,test
8929,train
8930,train
8936,train
8940,test
8941,train
8945,test
8947,train
8950,train
8951,test
8952,train
8956,train
8959,train
8967,train
8974,train
8976,test
8990,train
8992,train
8993,train
8996,train
8998,train
8999,train
9001,train
9004,train
9005,train
9007,train
9009,train
9012,train
9016,train
9017,train
9019,test
9020,test
9028,train
9030,train
9038,test
9044,train
9052,train
9058,train
9064,train
9070,train
9073,train
9075,test
9077,test
9078,train
9080,test
9081,train
9084,train
9086,train
9089,train
9090,train
9094,train
9096,test
9098,train
9099,train
9100,train
9101,train
9102,train
9105,train
9106,train
9111,train
9114,train
9122,train
9123,train
9126,train
9127,train
9131,train
9136,train
9141,train
9148,train
9149,train
9150,train
9151,train
9152,train
9154,train
9155,train
9157,test
9164,train
9167,train
9168,train
9170,train
9175,train
9178,train
9179,test
9185,train
9187,train
9191,train
9193,test
9197,train
9203,test
9204,train
9208,train
9212,train
9225,train
9226,train
9236,train
9237,test
9239,train
9243,test
9245,train
9246,train
9259,test
9261,train
9265,train
9270,test
9272,train
9273,train
9278,train
9279,train
9282,train
9290,train
9295,train
9296,train
9298,train
9300,train
9302,train
9303,train
9309,test
9310,test
9318,train
9322,train
9326,train
9335,train
9337,test
9338,test
9341,train
9342,train
9343,train
9349,train
9350,train
9351,train
9358,train
9359,train
9362,train
9363,train
9364,train
9368,train
9369,train
9372,train
9376,train
9378,train
9385,train
9386,train
9388,train
9392,train
9395,train
9398,train
9400,train
9404,train
9409,train
9413,train
9417,train
9426,train
9427,train
9429,test
9430,train
9431,train
9432,test
9438,test
9439,test
9440,train
9447,train
9454,train
9457,train
9458,train
9460,train
9462,test
9463,train
9464,test
9465,train
9468,train
9470,train
9471,train
9475,train
9478,train
9480,train
9484,test
9485,train
9488,train
9492,train
9495,train
9497,train
9498,test
9501,train
9503,train
9506,train
9512,train
9514,train
9519,train
9522,train
9523,train
9532,train
9533,train
9538,train
9542,test
9545,test
9552,train
9553,train
9560,train
9561,train
9564,train
9567,train
9573,train
9577,train
9578,train
9579,train
9584,train
9587,train
9592,train
9593,train
9594,train
9596,train
9597,train
9599,train
9601,test
9608,train
9609,train
9613,test
9615,train
9617,train
9618,train
9621,test
9624,train
9629,train
9632,train
9633,train
9634,test
9635,test
9636,train
9637,train
9639,train
9643,train
9646,train
9648,train
9654,test
9655,train
9657,train
9661,train
9662,train
9663,train
9665,train
9670,test
9672,train
9674,train
9676,test
9681,train
9683,train
9684,test
9686,train
9689,test
9693,train
9699,test
9701,train
9702,train
9705,train
9708,train
9710,train
9712,train
9713,train
9715,train
9717,test
9723,train
9725,train
9727,train
9729,train
9731,train
9733,train
9734,train
9737,test
9738,test
9746,test
9747,train
9748,test
9749,train
9754,train
9755,train
9761,train
9767,train
9768,train
9770,train
9771,train
9773,train
9775,train
9778,train
9781,test
9783,train
9784,train
9785,train
9787,train
9790,train
9792,train
9794,train
9802,test
9804,train
9806,test
9811,train
9812,train
9814,train
9815,train
9816,train
9818,train
9819,train
9821,train
9823,train
9826,test
9827,test
9828,train
9830,test
9831,train
9833,test
9837,train
9839,train
9840,train
9841,test
9842,train
9851,test
9854,train
9860,train
9865,test
9866,test
9867,train
9869,train
9871,train
9875,test
9876,train
9878,train
9881,train
9883,test
9884,train
9886,train
9888,train
9891,train
9896,train
9900,train
9901,train
9903,train
9904,train
9905,train
9906,train
9907,train
9909,test
9911,train
9916,train
9918,train
9920,train
9923,train
9924,test
9925,test
9932,train
9935,train
9940,train
9943,train
9944,train
9947,train
9948,test
9950,train
9951,train
9953,train
9954,train
9956,train
9957,train
9958,train
9961,train
9963,test
9964,train
9965,train
9966,test
9971,train
9973,train
9974,test
9975,train
9976,train
9977,test
9980,train
9982,train
9983,train
9991,train
9994,train
9995,train
9997,train
9998,test
10002,train
10003,train
10004,train
10007,train
10012,train
10013,test
10016,train
10018,train
10021,train
10027,train
10029,train
10030,test
10034,train
10036,test
10037,train
10040,train
10042,train
10045,train
10046,train
10047,train
10048,train
10050,test
10052,train
10055,train
10059,train
10062,train
10063,test
10065,train
10066,train
10072,train
10073,train
10077,train
10078,train
10081,train
10082,train
10085,train
10086,train
10087,train
10088,train
10090,train
10097,train
10100,train
10103,train
10106,train
10108,test
10111,train
10115,train
10120,train
10123,train
10124,train
10125,test
10126,train
10130,train
10134,train
10136,test
10137,train
10138,train
10140,train
10141,train
10143,train
10144,train
10145,train
10147,test
10149,train
10150,train
10151,train
10153,train
10157,train
10160,train
10164,test
10168,train
10172,train
10173,test
10174,train
10178,train
10180,train
10182,test
10183,train
10192,train
10195,train
10197,train
10199,train
10204,train
10207,train
10208,train
10210,test
10211,test
10216,test
10222,train
10223,train
10224,train
10225,train
10226,train
10228,train
10229,train
10230,test
10233,train
10234,test
10237,train
10238,train
10240,train
10244,train
10246,train
10249,train
10250,train
10251,test
10252,train
10253,train
10257,train
10259,train
10262,train
10266,train
10267,test
10268,test
10271,train
10273,train
10274,train
10276,train
10278,train
10280,train
10281,train
10282,train
10283,test
10286,train
10287,train
10288,test
10289,test
10291,train
10292,train
10293,train
10294,train
10295,train
10297,test
10302,test
10303,train
10304,train
10305,train
10307,test
10308,train
10310,train
10312,train
10316,train
10317,train
10320,train
10321,train
10323,test
10327,test
10328,train
10329,train
10331,train
10332,train
10333,train
10339,train
10340,train
10342,test
10343,train
10344,train
10347,train
10352,test
10355,test
10356,train
10358,train
10359,train
10362,train
10364,train
10369,test
10370,train
10372,test
10374,train
10377,train
10378,train
10380,test
10381,train
10382,train
10383,train
10387,train
10388,train
10395,train
10396,train
10400,train
10403,train
10407,train
10408,train
10409,train
10410,test
10411,train
10412,test
10414,test
10415,train
10416,train
10417,train
10423,train
10425,train
10426,train
10427,train
10433,train
10435,train
10441,train
10442,train
10444,train
10445,train
10446,train
10448,train
10451,test
10452,train
10453,test
10454,train
10455,test
10457,train
10459,train
10460,train
10461,test
10462,test
10464,train
10467,train
10468,train
10469,train
10472,train
10475,train
10478,test
10479,train
10480,test
10482,train
10485,test
10488,train
10489,train
10491,train
10492,train
10493,test
10495,train
10502,train
10510,train
10512,train
10513,train
10515,train
10516,test
10517,test
10519,train
10520,train
10523,train
10524,train
10527,train
10530,train
10533,train
10535,train
10537,train
10538,train
10542,train
10543,train
10550,train
10551,train
10553,train
10556,test
10557,train
10559,train
10564,test
10565,train
10566,train
10569,train
10571,train
10575,test
10577,train
10579,train
10582,train
10583,train
10586,train
10587,train
10590,train
10591,test
10592,train
10593,train
10595,train
10596,test
10597,train
10601,train
10602,test
10605,train
10606,test
10607,train
10608,test
10609,train
10610,test
10611,train
10612,train
10614,train
10619,train
10620,train
10629,train
10630,test
10636,train
10637,train
10644,train
10645,train
10646,train
10647,test
10648,test
10650,train
10655,train
10658,test
10661,train
10662,train
10664,train
10666,train
10667,train
10669,train
10675,train
10678,train
10680,train
10685,train
10687,train
10689,train
10691,train
10693,train
10694,train
10696,train
10698,train
10700,train
10702,train
10704,train
10705,train
10710,train
10713,train
10714,test
10717,test
10721,train
10722,train
10727,test
10731,train
10732,train
10733,train
10735,test
10738,train
10739,train
10740,train
10741,train
10744,train
10748,test
10751,train
10752,train
10753,train
10754,test
10756,train
10760,train
10763,test
10764,train
10765,test
10767,train
10768,train
10769,train
10773,train
10774,test
10775,train
10776,train
10777,train
10778,test
10779,test
10782,train
10783,train
10784,train
10785,test
10789,train
10790,train
10791,train
10792,test
10795,train
10797,train
10798,test
10799,test
10800,train
10803,train
10804,train
10805,train
10811,train
10814,train
10815,train
10816,train
10819,train
10820,test
10821,train
10823,train
10826,train
10828,train
10829,test
10831,train
10832,test
10833,train
10834,test
10835,train
10836,train
10838,train
10839,train
10842,train
10844,train
10848,train
10849,train
10851,train
10853,train
10854,train
10855,test
10856,train
10858,test
10860,test
10862,test
10863,train
10867,train
10868,test
10869,train
10873,train
10875,train
10877,train
10879,train
10880,test
10882,train
10884,test
10885,train
10887,train
10888,train
10889,train
10891,train
10895,test
10897,test
10898,train
10901,train
10903,train
10904,train
10906,train
10907,train
10908,train
10909,train
10911,train
10913,train
10914,test
10916,train
10920,train
10921,train
10922,train
10923,train
10924,test
10926,train
10932,train
10936,train
10937,train
10939,train
10940,train
10941,train
10942,train
10946,train
10947,train
10948,train
10950,test
10952,train
10955,train
10958,test
10959,train
10960,train
10963,train
10965,train
10968,train
10969,train
10971,train
10973,train
10976,train
10977,train
10981,train
10982,train
10983,train
10986,train
10988,train
10990,train
10991,train
10992,train
10993,train
10994,test
10996,train
10997,train
10998,train
10999,train
11000,train
11001,train
11002,train
11007,train
11010,train
11013,train
11014,train
11016,test
11017,train
11022,test
11024,test
11026,train
11028,train
11032,train
11034,train
11036,train
11038,test
11041,test
11042,train
11045,train
11046,train
11048,train
11049,test
11050,test
11051,test
11052,train
11054,test
11055,test
11057,train
11058,test
11059,train
11060,train
11067,train
11069,train
11070,test
11071,train
11072,train
11074,train
11078,train
11080,train
11081,train
11084,train
11086,train
11087,test
11090,test
11091,test
11092,train
11093,train
11094,test
11095,train
11097,train
11099,train
11100,train
11102,train
11103,train
11104,train
11105,train
11106,train
11107,train
11108,train
11111,train
11112,train
11114,train
11115,train
11116,test
11118,train
11119,train
11120,train
11121,train
11127,train
11128,train
11129,train
11130,train
11131,train
11133,test
11134,train
11135,train
11138,train
11139,train
11143,train
11144,train
11145,train
11147,train
11148,train
11151,train
11152,test
11157,train
11158,train
11160,train
11161,train
11164,train
11165,train
11166,test
11167,train
11168,train
11170,train
11171,train
11173,train
11177,train
11179,train
11180,train
11183,train
11184,train
11186,train
11188,test
11190,train
11191,train
11192,train
11193,train
11194,test
11196,train
11200,train
11201,test
11204,train
11205,train
11206,train
11207,train
11210,train
11213,train
11214,train
11215,train
11216,train
11217,test
11220,test
11221,test
11223,train
11224,train
11225,train
11228,train
11230,test
11233,train
11235,train
11237,train
11239,train
11240,test
11242,train
11243,train
11245,train
11248,train
11249,test
11250,train
11252,train
11253,train
11256,train
11258,train
11259,train
11260,train
11262,train
11265,train
11266,test
11272,test
11273,train
11274,train
11277,train
11278,train
11280,train
11281,train
11283,test
11284,train
11285,test
11286,train
11289,test
11290,train
11291,test
11293,train
11295,train
11298,train
11299,test
11300,test
11303,train
11304,train
11305,train
11307,test
11308,train
11310,train
11311,train
11313,test
11314,train
11318,train
11320,train
11321,train
11324,train
11326,train
11329,train
11330,train
11331,train
11332,train
11335,test
11336,train
11339,train
11342,train
11344,test
11345,test
11348,test
11349,train
11352,train
11353,train
11354,train
11356,train
11357,train
11360,train
11362,train
11364,test
11365,test
11366,test
11367,train
11369,train
11370,train
11372,test
11373,test
11375,test
11376,train
11377,train
11380,test
11381,train
11383,train
11384,train
11385,train
11389,train
11390,test
11391,train
11393,train
11394,train
11395,train
11396,train
11398,test
11400,train
11402,train
11405,train
11406,train
11407,test
11408,train
11409,train
11410,train
11413,train
11415,train
11418,train
11422,train
11423,train
11425,train
11428,train
11430,test
11431,test
11436,test
11439,train
11440,train
11441,train
11443,test
11444,test
11445,train
11446,train
11447,train
11448,train
11449,train
11450,train
11452,test
11453,train
11454,train
11455,train
11456,train
11457,train
11459,train
11460,test
11463,train
11464,train
11465,train
11469,train
11470,train
11471,test
11477,train
11479,train
11480,train
11481,test
11482,train
11483,test
11484,train
11489,train
11490,test
11491,train
11492,train
11493,train
11494,train
11496,train
11498,test
11499,train
11501,train
11502,train
11503,test
11507,train
11512,train
11515,train
11516,train
11517,train
11518,train
11519,train
11520,test
11522,train
11523,train
11524,train
11525,train
11527,train
11528,train
11529,train
11530,train
11534,test
11535,train
11536,train
11537,train
11539,train
11540,train
11543,test
11545,train
11546,train
11547,train
11550,train
11551,test
11554,train
11555,train
11557,train
11559,train
11563,train
11564,test
11566,test
11568,train
11569,train
11571,train
11572,test
11575,train
11578,train
11580,train
11583,train
11584,train
11585,train
11588,train
11589,train
11590,train
11591,train
11593,train
11594,train
11596,train
11597,test
11599,train
11600,train
11601,test
11602,train
11604,train
11605,test
11606,test
11607,train
11612,train
11614,train
11615,train
11616,train
11618,test
11619,train
11623,train
11624,train
11626,train
11627,train
11628,train
11629,train
11632,train
11634,train
11635,test
11636,train
11641,train
11644,train
11646,test
11648,train
11650,train
11651,test
11652,train
11653,train
11654,train
11657,train
11660,train
11663,train
11668,test
11670,test
11671,train
11672,train
11673,train
11678,train
11681,train
11683,train
11684,train
11686,train
11690,train
11691,train
11692,train
11696,train
11698,train
11702,train
11704,train
11705,test
11706,test
11707,test
11710,train
11713,train
11714,test
11717,train
11718,train
11719,train
11720,train
11722,train
11725,train
11726,train
11727,train
11729,train
11730,train
11733,train
11734,train
11735,train
11736,train
11737,train
11739,train
11741,train
11742,train
11744,train
11747,train
11749,train
11750,train
11751,train
11752,test
11757,train
11759,train
11760,train
11761,train
11763,train
11764,train
11765,train
11767,test
11769,train
11771,train
11773,train
11774,train
11776,train
11779,train
11782,train
11785,train
11787,train
11788,test
11790,test
11791,train
11792,train
11797,train
11798,train
11801,train
11803,train
11804,test
11805,train
11808,train
11811,train
11812,test
11817,train
11820,train
11823,train
11824,train
11825,train
11826,test
11827,train
11828,train
11829,train
11830,train
11831,train
11836,test
11837,train
11838,train
11839,train
11840,train
11841,train
11846,test
11847,train
11849,train
11852,train
11854,train
11855,test
11856,test
11857,train
11859,train
11860,train
11861,test
11862,train
11866,train
11870,test
11873,test
11874,train
11875,train
11879,train
11881,train
11882,train
11883,train
11884,train
11885,test
11886,train
11889,train
11894,train
11895,train
11896,train
11898,train
11903,train
11904,train
11905,train
11906,test
11907,train
11908,train
11909,train
11914,train
11915,test
11916,train
11917,train
11919,test
11920,train
11922,test
11923,test
11924,test
11925,train
11926,test
11927,test
11929,train
11930,train
11931,train
11935,train
11936,train
11937,train
11941,train
11943,train
11946,train
11948,test
11949,train
11951,train
11952,test
11956,train
11958,train
11959,train
11964,train
11965,train
11966,train
11971,test
11972,train
11973,test
11974,test
11977,train
11979,train
11981,test
11983,train
11984,train
11985,train
11986,train
11988,train
11990,train
11991,train
11992,train
11993,train
11994,train
11995,train
11997,train
11999,train
12001,test
12002,test
12003,train
12004,train
12006,train
12007,train
12010,train
12011,test
12012,train
12015,train
12018,train
12021,train
12023,train
12024,train
12026,train
12028,train
12029,train
12030,test
12031,train
12032,train
12035,test
12036,train
12038,train
12042,train
12043,train
12045,train
12046,test
12047,test
12048,train
12051,test
12052,train
12053,train
12054,test
12055,test
12057,train
12060,train
12061,train
12063,train
12065,train
12066,train
12068,train
12069,test
12073,train
12074,train
12075,train
12076,train
12077,train
12081,train
12083,test
12085,test
12087,train
12090,train
12091,test
12094,train
12095,train
12096,test
12097,test
12098,train
12101,train
12104,train
12106,test
12108,test
12109,train
12110,train
12111,test
12116,train
12117,train
12118,train
12120,test
12121,test
12122,train
12123,train
12124,train
12126,train
12127,train
12128,train
12130,test
12132,test
12134,test
12135,train
12137,test
12140,test
12142,train
12144,test
12147,train
12148,test
12150,train
12153,train
12154,train
12155,test
12157,train
12158,train
12159,train
12160,train
12161,train
12162,train
12163,train
12167,train
12168,train
12170,train
12171,train
12173,test
12175,train
12177,train
12179,test
12180,train
12185,train
12186,train
12187,train
12189,test
12190,train
12192,train
12193,train
12194,train
12195,train
12196,train
12197,test
12199,train
12201,train
12207,train
12209,train
12210,train
12211,train
12212,train
12216,train
12217,train
12218,train
12219,train
12220,train
12221,test
12223,test
12224,train
12225,train
12226,train
12227,train
12229,train
12232,test
12233,train
12234,train
12235,train
12236,train
12239,train
12241,train
12246,train
12249,train
12251,train
12252,test
12253,train
12255,train
12256,train
12260,train
12263,train
12264,train
12266,train
12268,train
12269,train
12272,train
12278,train
12279,train
12280,train
12283,train
12286,train
12289,train
12290,train
12291,train
12292,test
12293,train
12294,train
12299,train
12300,test
12304,train
12308,train
12309,test
12313,train
12315,test
12316,train
12318,train
12319,train
12320,train
12321,train
12322,train
12324,test
12326,test
12328,train
12329,train
12332,train
12333,train
12334,train
12339,train
12341,train
12344,train
12347,train
12350,test
12355,train
12359,test
12360,train
12363,train
12364,train
12365,train
12371,train
12374,train
12375,train
12376,test
12377,test
12380,train
12381,train
12382,train
12383,test
12389,train
12392,train
12395,train
12396,train
12398,test
12399,test
12400,train
12401,train
12403,train
12404,train
12406,train
12408,train
12410,train
12416,train
12419,train
12423,train
12425,test
12430,train
12433,train
12435,train
12437,train
12441,train
12445,train
12446,train
12450,train
12451,train
12454,train
12455,train
12459,test
12460,test
12462,test
12464,train
12469,train
12470,test
12471,train
12472,train
12473,train
12474,train
12476,train
12478,train
12479,test
12482,train
12484,train
12485,test
12486,train
12487,test
12489,train
12490,train
12491,train
12492,test
12493,train
12498,test
12502,train
12504,train
12505,train
12507,test
12508,train
12509,train
12510,train
12511,train
12514,train
12517,train
12518,train
12519,train
12520,train
12522,train
12524,test
12525,test
12527,train
12529,train
12530,train
12531,train
12533,train
12536,train
12541,train
12542,train
12543,train
12544,train
12545,test
12548,test
12549,train
12550,train
12552,train
12553,train
12555,train
12556,train
12557,train
12558,train
12559,train
12564,train
12567,test
12568,train
12573,train
12574,train
12575,train
12576,train
12578,train
12579,train
12580,train
12581,train
12583,train
12585,train
12587,test
12589,train
12590,train
12591,test
12593,train
12594,test
12595,train
12596,train
12597,train
12598,train
12599,train
12600,train
12601,train
12602,train
12604,test
12605,test
12608,train
12609,train
12610,test
12611,train
12612,train
12613,train
12614,train
12615,train
12616,train
12618,test
12621,test
12627,test
12630,train
12632,train
12634,train
12635,train
12637,train
12639,train
12641,test
12642,train
12643,train
12644,train
12649,train
12652,train
12653,train
12654,train
12655,train
12656,train
12657,test
12659,train
12660,train
12661,train
12662,train
12663,train
12665,train
12666,train
12667,train
12671,train
12672,train
12674,train
12675,train
12677,train
12678,train
12679,train
12680,test
12682,train
12685,train
12688,train
12690,train
12693,train
12694,train
12695,train
12696,test
12697,train
12699,train
12700,test
12701,train
12704,train
12705,train
12706,train
12709,test
12710,train
12711,train
12712,train
12713,train
12715,train
12716,train
12718,train
12720,train
12722,test
12723,test
12724,train
12725,train
12726,test
12727,train
12729,train
12731,test
12732,train
12734,train
12736,train
12737,test
12739,train
12740,train
12741,test
12746,train
12750,train
12752,test
12753,train
12755,train
12756,train
12758,train
12761,train
12762,train
12764,test
12766,train
12767,train
12768,train
12769,train
12772,test
12773,train
12774,train
12775,train
12776,train
12778,train
12779,test
12780,train
12782,train
12784,train
12785,train
12787,train
12788,test
12789,train
12791,test
12792,test
12793,train
12794,train
12796,test
12797,train
12799,train
12800,train
12802,train
12803,train
12804,train
12806,train
12807,test
12808,train
12809,train
12810,train
12811,train
12812,train
12813,test
12814,train
12815,test
12817,train
12818,train
12819,train
12821,train
12822,train
12823,train
12824,train
12825,train
12827,train
12828,train
12830,train
12833,train
12837,train
12838,train
12839,train
12841,train
12843,test
12844,train
12845,train
12846,train
12847,train
12848,train
12850,train
12851,train
12852,train
12853,test
12856,train
12857,train
12858,train
12860,train
12861,train
12864,train
12866,train
12867,train
12868,test
12869,train
12870,train
12871,test
12872,train
12873,train
12876,train
12877,train
12878,test
12879,train
12880,train
12881,train
12882,train
12885,train
12889,train
12892,train
12894,train
12895,train
12896,train
12901,train
12902,train
12903,train
12905,train
12906,train
12907,train
12911,train
12912,train
12913,train
12914,train
12915,train
12916,train
12919,train
12922,train
12924,train
12926,train
12929,test
12930,test
12931,train
12932,train
12933,test
12934,test
12936,train
12937,test
12938,train
12939,train
12940,test
12941,train
12942,train
12943,train
12947,train
12950,train
12952,train
12953,train
12954,train
12955,train
12956,train
12959,train
12960,train
12961,train
12962,train
12964,train
12965,train
12966,train
12967,train
12968,train
12969,train
12970,train
12971,test
12972,test
12973,test
12975,train
12976,train
12977,train
12978,test
12979,train
12980,train
12981,train
12986,test
12987,train
12988,train
12989,train
12990,test
12991,train
12992,test
12993,test
12994,train
12995,test
12997,train
12998,train
12999,train
13000,test
13001,train
13002,test
13003,train
13004,train
13005,train
13006,test
13007,train
13008,train
13010,train
13011,train
13012,train
13013,test
13014,train
13015,train
13018,train
13019,train
13020,train
13022,test
13023,train
13025,train
13026,train
13027,train
13030,train
13031,train
13033,train
13035,test
13036,train
13037,test
13038,train
13041,train
13044,train
13045,train
13046,train
13048,train
13049,train
13050,train
13051,train
13053,train
13055,test
13058,test
13063,test
13064,train
13065,train
13066,test
13067,train
13069,test
13071,train
13072,train
13073,train
13074,test
13075,train
13076,test
13078,train
13083,test
13084,train
13088,train
13089,train
13090,train
13092,test
13093,train
13094,train
13097,train
13098,train
13099,train
13100,train
13102,train
13104,test
13105,train
13106,train
13107,train
13109,train
13111,train
13112,train
13113,train
13114,train
13115,train
13116,train
13121,train
13122,train
13123,train
13124,train
13126,train
13127,train
13128,test
13129,train
13132,test
13134,test
13135,train
13136,train
13137,train
13139,test
13144,test
13145,train
13146,train
13147,train
13148,train
13156,train
13158,train
13159,train
13160,train
13161,train
13162,train
13165,train
13166,test
13168,train
13176,train
13179,train
13180,train
13186,test
13187,train
13190,train
13191,train
13192,train
13193,train
13195,train
13198,train
13199,train
13200,train
13201,train
13202,train
13204,test
13205,train
13206,train
13207,test
13209,train
13211,train
13212,train
13213,train
13215,test
13216,train
13217,train
13218,train
13222,train
13225,test
13228,train
13229,train
13230,test
13231,train
13238,train
13240,test
13242,train
13243,train
13244,test
13245,train
13247,train
13248,train
13249,train
13250,train
13251,test
13254,train
13255,train
13257,train
13263,train
13264,train
13265,train
13266,test
13268,train
13269,train
13270,train
13272,train
13273,train
13274,train
13275,train
13276,train
13279,train
13281,train
13282,test
13284,train
13287,train
13288,train
13289,test
13290,train
13291,train
13293,train
13294,test
13295,test
13296,train
13298,train
13300,train
13303,train
13304,train
13306,train
13308,train
13310,train
13311,train
13312,train
13317,train
13318,train
13320,train
13321,train
13322,train
13324,test
13325,test
13326,train
13328,train
13330,train
13331,test
13332,train
13333,train
13335,train
13336,train
13337,train
13338,train
13340,train
13345,train
13348,test
13349,train
13351,test
13354,train
13357,train
13359,test
13362,test
13363,train
13364,train
13366,train
13367,train
13368,train
13369,train
13371,train
13373,train
13374,train
13375,train
13376,train
13377,train
13378,train
13381,train
13384,train
13386,train
13387,train
13388,train
13389,train
13390,train
13391,train
13392,train
13393,train
13395,test
13396,test
13397,test
13398,train
13400,test
13401,train
13403,train
13407,train
13408,test
13409,train
13411,train
13415,test
13419,train
13420,train
13423,train
13424,train
13425,train
13427,train
13431,train
13432,train
13433,train
13434,train
13438,train
13439,test
13440,test
13441,train
13442,train
13444,train
13446,train
13447,train
13448,train
13449,train
13451,test
13453,train
13454,train
13456,train
13457,train
13458,test
13460,train
13461,train
13462,train
13463,train
13466,test
13467,test
13468,train
13470,train
13473,train
13474,test
13476,test
13477,test
13482,train
13483,train
13485,train
13486,train
13488,train
13489,train
13490,train
13491,train
13492,train
13495,train
13496,train
13497,train
13498,train
13501,train
13502,train
13505,train
13510,train
13511,train
13513,train
13516,train
13517,train
13520,train
13524,test
13525,train
13526,train
13528,train
13530,train
13531,train
13533,train
13534,train
13535,test
13536,train
13539,train
13542,train
13544,train
13545,train
13546,train
13547,train
13548,train
13549,test
13551,train
13552,train
13553,test
13554,train
13555,train
13557,test
13558,train
13559,train
13560,train
13562,test
13564,train
13568,train
13569,test
13570,test
13572,train
13573,train
13576,test
13577,train
13579,train
13581,train
13582,train
13584,train
13586,train
13587,train
13590,train
13592,test
13594,train
13595,train
13596,test
13598,test
13599,train
13600,train
13605,train
13607,train
13608,train
13609,train
13610,train
13612,train
13613,train
13614,test
13616,train
13617,train
13619,train
13620,test
13621,test
13622,train
13623,test
13625,train
13626,train
13627,test
13630,train
13634,train
13635,train
13640,train
13642,train
13644,train
13646,test
13647,train
13648,train
13649,train
13650,train
13651,train
13652,train
13653,train
13654,train
13657,test
13658,train
13659,train
13660,train
13661,test
13664,train
13665,train
13666,train
13668,train
13670,train
13671,train
13672,train
13673,train
13674,train
13675,train
13676,test
13678,train
13681,train
13684,train
13685,train
13686,train
13688,test
13689,train
13691,train
13692,train
13696,train
13697,train
13698,train
13700,train
13701,train
13703,train
13706,train
13707,train
13708,test
13709,test
13710,test
13711,train
13712,train
13713,train
13714,train
13716,train
13718,train
13722,train
13726,test
13728,train
13729,train
13730,train
13731,test
13733,train
13737,train
13738,train
13739,train
13740,train
13742,test
13745,train
13746,test
13748,train
13750,train
13752,train
13753,test
13756,train
13757,train
13758,train
13759,train
13761,train
13765,train
13769,train
13771,train
13773,test
13775,train
13776,train
13777,test
13779,train
13782,train
13784,train
13785,train
13787,train
13790,test
13792,train
13793,train
13794,train
13795,train
13796,train
13797,train
13798,train
13799,test
13800,train
13801,train
13802,train
13803,train
13804,train
13805,test
13806,train
13807,train
13809,train
13810,train
13811,train
13813,train
13818,train
13819,train
13821,train
13824,train
13825,train
13826,train
13828,train
13829,train
13830,test
13833,train
13834,train
13836,test
13839,train
13840,train
13844,train
13849,train
13850,train
13851,test
13854,train
13855,train
13858,train
13862,train
13863,train
13864,train
13865,train
13866,test
13868,train
13870,test
13871,train
13873,train
13878,train
13879,test
13881,test
13882,test
13883,train
13884,train
13886,test
13889,train
13891,train
13895,train
13896,train
13897,train
13899,train
13901,train
13904,train
13906,train
13907,train
13908,train
13910,train
13911,train
13912,train
13913,train
13914,train
13916,test
13918,train
13919,train
13921,test
13922,train
13923,train
13924,test
13925,train
13927,train
13930,test
13932,train
13933,test
13935,test
13936,train
13941,train
13942,train
13943,train
13944,train
13945,train
13948,train
13949,train
13956,train
13957,train
13958,train
13959,train
13961,train
13966,train
13967,train
13968,train
13969,train
13970,train
13971,train
13972,train
13974,train
13975,train
13976,train
13977,train
13978,train
13980,train
13981,test
13983,train
13984,train
13986,train
13988,train
13989,train
13992,train
13993,train
13995,test
13997,train
13998,train
13999,train
14002,train
14003,train
14004,train
14005,train
14006,train
14007,train
14008,train
14009,train
14010,test
14011,train
14012,train
14013,train
14015,train
14018,train
14019,train
14021,train
14023,train
14024,test
14026,train
14029,train
14031,test
14032,train
14033,train
14036,train
14037,train
14038,train
14039,train
14041,train
14043,train
14044,train
14045,train
14049,train
14050,test
14052,test
14053,train
14058,train
14059,train
14061,train
14062,test
14063,train
14064,test
14065,train
14066,train
14067,test
14072,train
14074,test
14077,test
14080,train
14082,train
14083,test
14084,train
14085,train
14086,train
14089,train
14090,train
14093,test
14096,train
14097,test
14098,train
14100,train
14101,train
14103,train
14104,train
14106,test
14108,train
14113,train
14115,train
14116,test
14119,test
14122,train
14123,train
14124,train
14126,train
14127,train
14128,test
14131,train
14134,train
14136,train
14137,test
14138,train
14139,train
14142,train
14143,train
14145,test
14149,train
14150,train
14152,train
14153,train
14155,train
14156,train
14161,train
14162,train
14163,train
14166,train
14170,test
14171,train
14172,train
14174,train
14176,train
14177,train
14181,train
14184,test
14185,test
14186,train
14187,train
14188,train
14194,train
14196,train
14201,train
14203,train
14204,train
14206,test
14213,train
14217,test
14220,train
14221,train
14225,test
14227,train
14228,train
14232,train
14233,train
14237,train
14238,train
14239,train
14240,test
14241,train
14242,train
14243,train
14244,train
14245,train
14246,train
14248,train
14249,train
14252,test
14255,train
14256,train
14257,train
14262,train
14267,train
14268,train
14271,train
14273,train
14274,train
14277,test
14280,train
14285,train
14286,train
14287,train
14289,test
14290,train
14292,test
14293,train
14294,train
14296,train
14299,test
14300,train
14301,train
14302,train
14305,train
14307,train
14308,train
14310,train
14312,train
14313,train
14315,train
14316,train
14318,test
14319,train
14322,train
14323,train
14324,train
14325,train
14329,train
14330,train
14331,train
14332,train
14333,test
14334,train
14337,train
14339,train
14340,train
14341,train
14343,train
14346,train
14347,train
14348,train
14349,train
14350,train
14352,train
14353,test
14354,train
14355,train
14356,train
14357,train
14358,train
14359,test
14360,train
14361,train
14364,train
14365,train
14368,train
14369,train
14372,train
14374,train
14376,test
14377,test
14378,train
14379,train
14381,train
14382,train
14383,train
14385,train
14386,train
14387,test
14389,train
14391,train
14392,train
14393,test
14394,train
14395,train
14396,train
14397,test
14398,train
14399,train
14402,train
14403,train
14406,train
14407,train
14408,train
14410,train
14412,train
14414,train
14416,train
14417,train
14418,train
14421,train
14422,train
14423,train
14424,train
14425,train
14426,train
14427,train
14429,train
14430,train
14431,train
14434,train
14437,train
14438,train
14441,train
14442,train
14446,test
14447,train
14448,test
14449,train
14450,test
14451,test
14452,train
14453,train
14454,test
14455,train
14456,test
14458,train
14459,train
14461,train
14464,train
14466,train
14467,train
14468,train
14470,train
14471,train
14473,train
14474,train
14478,train
14479,test
14480,train
14481,train
14482,train
14483,test
14484,train
14485,test
14489,train
14490,train
14491,test
14492,train
14493,train
14494,train
14495,train
14496,train
14498,train
14500,train
14502,train
14503,train
14505,train
14507,train
14509,train
14510,train
14512,train
14513,train
14514,train
14515,train
14516,train
14517,test
14518,train
14520,train
14521,train
14522,train
14526,train
14530,train
14531,train
14532,train
14535,train
14536,train
14538,train
14539,train
14540,train
14541,train
14542,train
14549,train
14550,train
14555,test
14561,train
14563,train
14564,train
14565,train
14568,train
14570,train
14572,train
14573,train
14575,train
14576,train
14579,train
14581,train
14583,test
14584,test
14585,train
14588,train
14590,train
14593,train
14594,train
14595,train
14596,train
14598,train
14600,train
14601,train
14602,train
14603,train
14605,train
14609,train
14610,train
14611,train
14612,train
14614,test
14615,train
14619,test
14620,train
14622,train
14623,train
14624,train
14625,train
14626,train
14629,train
14630,train
14631,train
14632,train
14635,test
14636,train
14642,train
14648,train
14649,train
14654,train
14658,test
14659,train
14663,train
14664,test
14665,train
14669,train
14670,train
14676,train
14680,train
14681,test
14682,test
14683,train
14685,train
14686,test
14687,train
14688,train
14689,test
14690,train
14693,train
14694,train
14695,train
14697,train
14699,train
14700,train
14703,train
14707,train
14709,train
14712,train
14717,test
14718,train
14719,test
14720,train
14721,train
14723,train
14728,test
14729,test
14730,test
14731,train
14733,train
14734,train
14736,train
14738,train
14740,test
14741,test
14742,train
14744,train
14745,train
14746,test
14748,test
14749,train
14750,train
14751,train
14752,train
14753,test
14754,train
14755,train
14756,train
14757,train
14758,train
14760,train
14763,train
14764,train
14765,train
14766,train
14768,train
14772,test
14773,train
14774,train
14776,train
14780,train
14783,train
14784,train
14785,train
14786,train
14787,train
14788,train
14790,train
14792,train
14793,train
14795,train
14797,train
14799,test
14801,train
14802,train
14804,test
14806,train
14808,train
14810,train
14811,test
14812,train
14813,train
14814,train
14815,train
14817,train
14818,train
14819,train
14820,train
14822,test
14823,test
14826,train
14827,train
14829,test
14831,train
14832,test
14833,test
14834,train
14837,train
14838,test
14840,train
14841,test
14842,train
14843,train
14844,train
14845,train
14847,train
14848,train
14850,train
14851,train
14852,test
14855,test
14856,train
14860,train
14861,train
14862,train
14863,train
14864,train
14865,train
14868,train
14869,train
14872,test
14873,train
14874,test
14876,train
14879,test
14880,train
14882,train
14883,train
14884,train
14885,test
14886,test
14887,train
14888,train
14891,train
14893,test
14894,train
14895,test
14896,train
14898,train
14900,train
14901,test
14902,train
14903,train
14904,train
14905,test
14906,train
14909,train
14910,train
14911,train
14912,train
14913,train
14914,train
14915,train
14916,train
14917,train
14918,test
14919,train
14921,train
14922,train
14923,train
14924,test
14926,train
14927,train
14928,train
14931,train
14933,test
14934,train
14935,train
14936,train
14937,train
14939,train
14940,train
14942,train
14943,train
14946,train
14947,train
14948,test
14951,test
14954,train
14958,train
14960,train
14961,train
14962,test
14963,train
14965,train
14966,train
14968,train
14973,train
14974,train
14976,test
14977,test
14978,train
14979,train
14980,train
14981,test
14982,train
14983,train
14986,train
14988,train
14990,train
14994,test
14995,test
14996,test
14997,test
14998,train
14999,train
15001,train
15002,train
15003,train
15005,train
15006,train
15007,train
15008,test
15010,train
15012,train
15013,train
15014,train
15015,train
15018,train
15019,train
15022,test
15023,train
15026,train
15027,train
15028,train
15029,test
15030,train
15033,train
15034,train
15036,test
15037,train
15039,train
15040,train
15041,train
15046,train
15047,train
15049,train
15053,train
15054,train
15055,train
15058,train
15059,train
15060,train
15061,train
15063,train
15064,train
15067,test
15068,train
15070,train
15071,train
15072,train
15073,train
15074,test
15076,train
15079,test
15087,train
15088,train
15089,train
15090,train
15091,train
15092,train
15093,train
15094,test
15095,train
15096,train
15097,train
15099,train
15100,train
15101,train
15102,train
15103,test
15104,train
15105,train
15106,test
15109,test
15110,train
15115,train
15116,train
15117,train
15118,train
15119,train
15121,train
15124,train
15125,train
15126,train
15128,train
15130,test
15132,train
15134,test
15136,train
15137,train
15139,train
15141,train
15142,train
15143,test
15145,train
15146,train
15147,train
15148,test
15149,test
15150,train
15151,train
15152,test
15153,train
15154,train
15155,train
15156,train
15158,train
15160,train
15161,test
15162,train
15163,train
15164,train
15165,train
15166,train
15167,train
15168,test
15169,train
15172,train
15173,train
15174,train
15175,train
15176,train
15179,train
15181,train
15182,test
15183,train
15184,train
15186,train
15187,train
15189,train
15191,test
15192,train
15193,train
15194,train
15196,train
15198,train
15199,test
15200,test
15203,train
15204,train
15206,train
15207,train
15209,train
15210,train
15211,train
15212,train
15214,train
15215,train
15216,test
15217,train
15218,train
15219,train
15220,train
15221,test
15224,train
15225,train
15226,train
15228,train
15229,train
15231,train
15232,train
15233,train
15234,train
15236,test
15237,train
15239,train
15240,train
15241,train
15243,train
15245,train
15246,test
15247,train
15249,train
15250,train
15251,train
15257,train
15258,train
15259,train
15261,train
15263,train
15265,train
15266,train
15267,train
15268,train
15269,train
15273,test
15275,train
15279,train
15280,train
15281,train
15283,train
15285,test
15286,train
15289,train
15290,train
15296,train
15299,train
15301,train
15304,train
15305,train
15306,train
15307,test
15308,train
15309,test
15311,train
15314,train
15315,train
15317,train
15318,train
15319,train
15321,train
15324,train
15326,train
15328,train
15329,test
15330,train
15331,train
15333,train
15337,train
15340,test
15341,train
15344,train
15346,train
15347,test
15348,train
15351,test
15352,test
15354,train
15355,train
15356,train
15357,train
15358,train
15360,train
15361,train
15365,train
15370,train
15372,train
15373,train
15379,test
15382,test
15384,test
15385,train
15389,train
15390,test
15391,train
15392,train
15394,test
15395,train
15397,train
15399,train
15400,train
15401,train
15402,train
15404,train
15405,train
15406,train
15407,test
15408,train
15409,test
15410,train
15411,train
15413,train
15414,train
15416,train
15417,test
15419,test
15426,train
15428,train
15429,train
15430,train
15433,test
15435,train
15436,train
15437,test
15441,test
15443,train
15444,test
15446,train
15447,train
15449,test
15450,train
15453,train
15454,train
15456,train
15460,train
15461,test
15463,train
15467,train
15468,train
15469,train
15470,train
15471,train
15472,train
15476,test
15477,train
15484,test
15485,train
15487,train
15488,test
15489,train
15490,train
15491,test
15493,train
15494,train
15496,train
15504,train
15505,train
15513,train
15515,train
15517,train
15518,train
15519,train
15520,train
15522,train
15524,train
15525,train
15526,test
15528,train
15532,train
15533,train
15534,train
15535,train
15538,train
15539,train
15540,test
15541,train
15542,test
15543,train
15544,train
15545,train
15546,test
15547,train
15552,train
15553,train
15556,train
15557,train
15558,train
15559,train
15562,train
15565,train
15566,train
15567,test
15569,train
15570,train
15571,train
15572,train
15575,train
15577,train
15578,train
15579,train
15580,train
15581,train
15584,train
15585,train
15586,train
15587,train
15590,train
15591,train
15592,train
15593,train
15595,train
15599,train
15601,train
15607,train
15609,test
15610,train
15611,train
15612,train
15614,train
15615,train
15616,train
15618,test
15620,train
15621,train
15622,train
15624,train
15625,train
15626,train
15630,train
15631,test
15632,train
15633,train
15635,train
15636,train
15638,train
15639,train
15640,train
15641,train
15643,train
15644,train
15645,train
15648,train
15649,train
15650,train
15651,train
15652,train
15653,train
15654,train
15658,train
15662,train
15664,test
15665,train
15666,train
15667,train
15671,train
15674,train
15676,train
15677,train
15679,test
15680,test
15681,train
15683,test
15685,train
15686,train
15687,train
15688,train
15689,train
15690,train
15691,train
15692,train
15693,train
15695,train
15698,train
15700,train
15703,train
15704,test
15705,train
15708,train
15709,test
15713,train
15715,train
15716,train
15717,train
15719,train
15720,test
15721,test
15722,train
15724,train
15726,test
15727,train
15730,train
15731,train
15734,train
15738,train
15739,test
15740,test
15742,train
15744,train
15746,train
15747,train
15748,train
15749,train
15750,train
15753,test
15754,train
15755,train
15756,train
15757,train
15758,train
15759,train
15761,train
15762,test
15763,test
15764,train
15765,test
15767,train
15768,test
15771,train
15772,train
15773,train
15775,test
15776,train
15777,train
15778,train
15780,test
15781,train
15782,train
15786,test
15788,train
15790,train
15792,train
15793,train
15794,train
15799,train
15802,train
15805,train
15808,train
15809,train
15810,train
15811,test
15813,train
15814,train
15815,train
15816,train
15817,train
15820,train
15822,train
15825,train
15826,train
15829,test
15831,test
15832,train
15836,train
15838,train
15839,train
15845,train
15846,train
15847,train
15851,train
15853,train
15855,train
15857,train
15858,train
15862,train
15864,train
15866,train
15867,train
15868,train
15870,train
15871,train
15872,train
15874,train
15876,train
15877,test
15878,train
15879,train
15887,train
15888,train
15889,train
15892,train
15895,train
15896,train
15898,train
15900,train
15902,train
15904,test
15907,train
15909,test
15910,test
15912,train
15918,train
15921,train
15923,test
15924,test
15925,train
15927,train
15928,test
15929,test
15930,train
15934,train
15935,train
15938,train
15939,train
15940,train
15944,train
15948,train
15951,train
15952,test
15953,train
15956,train
15957,train
15958,train
15961,train
15963,train
15965,train
15966,train
15967,train
15970,train
15971,train
15977,train
15978,train
15980,test
15984,train
15987,train
15991,train
15992,train
15993,train
15995,test
15996,train
15998,train
16001,train
16003,train
16004,train
16006,train
16008,train
16009,train
16010,train
16011,test
16012,train
16014,test
16017,test
16019,train
16023,train
16025,train
16027,train
16028,train
16033,train
16036,train
16037,train
16040,train
16041,train
16042,train
16044,train
16045,train
16046,train
16054,test
16058,test
16061,train
16062,train
16064,test
16067,train
16069,train
16071,test
16073,train
16074,train
16076,train
16077,train
16079,test
16080,train
16081,train
16082,train
16084,train
16085,train
16086,train
16087,train
16088,train
16089,train
16090,train
16092,train
16093,train
16095,test
16096,train
16103,train
16105,test
16108,train
16109,test
16115,test
16116,train
16118,train
16119,train
16123,train
16127,train
16128,train
16130,train
16131,train
16137,train
16139,train
16140,train
16141,train
16144,train
16146,train
16149,train
16150,train
16151,train
16152,train
16155,train
16156,train
16157,train
16158,test
16159,train
16160,train
16165,train
16169,train
16172,test
16175,train
16177,test
16178,train
16186,train
16187,train
16188,train
16191,train
16192,train
16194,train
16195,train
16198,train
16202,train
16204,train
16209,train
16210,train
16212,train
16213,test
16218,train
16220,train
16222,train
16224,train
16226,test
16227,train
16229,train
16232,test
16234,train
16235,train
16236,train
16240,test
16241,train
16242,train
16243,train
16245,train
16246,train
16247,train
16249,train
16254,train
16256,train
16257,train
16258,train
16259,test
16261,train
16262,train
16263,test
16268,train
16271,train
16272,train
16275,train
16277,train
16279,train
16289,test
16290,train
16292,test
16294,train
16295,train
16296,test
16298,train
16302,train
16303,test
16304,test
16306,train
16307,test
16311,train
16313,train
16314,train
16317,train
16318,train
16336,test
16337,test
16338,train
16341,test
16342,train
16343,train
16344,train
16346,train
16347,train
16354,train
16356,train
16360,test
16361,train
16362,train
16363,test
16372,train
16375,train
16376,train
16377,train
16378,train
16386,train
16389,train
16390,train
16395,train
16396,train
16397,train
16398,train
16399,test
16408,train
16409,test
16410,train
16411,test
16412,train
16413,train
16414,train
16415,train
16416,train
16419,train
16423,train
16426,train
16427,train
16428,train
16433,train
16439,test
16441,train
16446,train
16447,train
16449,train
16451,train
16455,train
16457,train
16459,train
16462,train
16464,test
16467,train
16468,test
16469,train
16470,train
16471,train
16474,test
16476,train
16477,train
16478,train
16480,train
16487,train
16493,train
16496,train
16498,train
16502,test
16503,train
16508,train
16509,train
16513,train
16514,train
16519,train
16521,test
16522,train
16529,train
16534,test
16535,test
16536,train
16537,train
16542,train
16544,train
16545,test
16546,train
16548,train
16550,test
16554,test
16555,test
16556,train
16558,train
16563,train
16564,train
16565,train
16568,train
16569,test
16570,train
16571,train
16572,train
16573,train
16576,train
16578,test
16579,train
16587,train
16590,test
16600,train
16602,train
16604,train
16605,train
16606,train
16609,train
16610,test
16612,train
16613,train
16615,train
16618,train
16621,train
16622,train
16629,test
16630,test
16631,test
16633,train
16635,test
16639,test
16640,train
16641,test
16643,train
16644,train
16645,train
16646,test
16649,train
16651,test
16657,train
16658,train
16659,test
16660,train
16661,train
16662,test
16663,train
16664,train
16666,train
16667,train
16668,train
16669,train
16670,train
16671,train
16674,train
16676,train
16677,test
16678,test
16679,train
16680,train
16683,train
16684,train
16686,train
16688,test
16689,train
16690,train
16691,train
16692,train
16695,train
16698,test
16703,train
16704,train
16706,train
16707,train
16708,train
16710,train
16711,train
16713,test
16715,train
16716,test
16717,train
16718,train
16722,train
16724,train
16726,test
16727,test
16728,test
16731,train
16733,test
16734,test
16736,train
16739,test
16741,train
16742,train
16743,train
16744,train
16745,train
16746,train
16747,train
16749,test
16751,train
16753,train
16754,train
16755,train
16756,train
16757,train
16763,train
16764,train
16765,train
16767,train
16769,test
16770,train
16773,train
16774,train
16776,train
16777,train
16778,train
16779,train
16780,train
16781,train
16783,train
16784,test
16785,test
16788,train
16789,train
16790,train
16791,train
16793,train
16794,train
16796,train
16798,train
16799,train
16804,train
16807,test
16808,train
16811,train
16814,train
16817,train
16818,train
16821,train
16822,test
16823,train
16825,train
16826,train
16827,test
16829,test
16830,train
16831,train
16832,test
16834,train
16837,train
16838,test
16839,train
16840,train
16841,train
16843,train
16844,test
16848,train
16850,train
16851,train
16852,train
16853,train
16854,train
16857,train
16858,train
16859,train
16861,train
16862,train
16864,train
16867,test
16868,test
16870,train
16873,train
16876,train
16877,train
16878,train
16883,train
16887,test
16888,train
16889,train
16890,test
16892,train
16897,train
16898,train
16902,train
16904,train
16905,train
16906,train
16907,train
16909,train
16910,train
16912,train
16913,test
16914,test
16915,train
16916,train
16919,train
16920,train
16922,test
16924,train
16926,train
16929,train
16930,test
16932,train
16933,train
16934,train
16935,train
16936,train
16937,test
16938,train
16943,train
16948,train
16949,test
16954,train
16955,train
16956,train
16957,test
16958,train
16960,test
16964,train
16965,test
16968,train
16971,train
16972,test
16974,test
16975,train
16978,train
16979,train
16980,train
16983,train
16984,test
16985,train
16986,train
16987,train
16988,train
16989,test
16993,train
16994,test
16995,train
16996,train
16999,train
17000,train
17001,train
17002,train
17003,train
17004,train
17005,train
17008,train
17010,train
17011,train
17013,train
17017,train
17022,test
17023,train
17028,train
17029,test
17030,train
17032,train
17033,train
17034,train
17035,train
17036,train
17038,train
17042,train
17043,train
17044,train
17046,test
17047,test
17051,train
17052,train
17054,train
17055,test
17056,train
17059,test
17060,train
17061,train
17065,train
17066,train
17067,train
17072,test
17073,train
17077,train
17078,train
17079,train
17080,train
17081,train
17084,train
17086,test
17087,train
17088,train
17089,train
17090,train
17092,train
17093,train
17095,train
17096,train
17098,train
17099,train
17100,train
17102,train
17103,train
17105,train
17107,train
17108,train
17109,train
17110,train
17111,train
17112,train
17113,train
17115,train
17116,train
17118,train
17119,test
17120,train
17121,train
17122,train
17123,train
17124,train
17125,train
17126,train
17127,train
17128,test
17129,train
17130,train
17131,test
17133,train
17134,train
17136,train
17141,train
17143,train
17145,train
17146,train
17148,train
17149,train
17151,train
17152,train
17159,test
17160,train
17162,train
17164,train
17165,train
17167,train
17168,train
17170,test
17171,train
17172,train
17174,train
17175,train
17176,train
17177,train
17180,train
17181,train
17182,train
17183,test
17188,train
17189,train
17191,train
17192,train
17193,train
17194,train
17195,train
17196,train
17201,test
17202,train
17204,train
17205,train
17206,train
17208,train
17209,train
17210,train
17211,train
17212,train
17213,train
17217,train
17218,train
17219,train
17220,train
17221,train
17222,train
17223,train
17224,train
17225,train
17228,train
17229,train
17230,train
17233,train
17237,train
17238,train
17241,train
17243,train
17244,test
17245,train
17246,test
17250,test
17251,train
17255,train
17256,test
17258,train
17259,test
17263,train
17264,train
17268,train
17269,train
17270,train
17272,train
17274,train
17275,train
17276,train
17277,train
17278,train
17279,train
17281,train
17282,test
17283,train
17284,train
17287,train
17288,train
17290,test
17292,test
17293,train
17294,train
17295,train
17296,train
17299,train
17300,test
17301,train
17302,train
17305,train
17307,train
17308,test
17309,train
17310,train
17311,train
17312,test
17313,train
17315,train
17316,train
17317,train
17319,train
17322,train
17323,train
17324,train
17326,train
17327,train
17328,train
17330,train
17334,train
17335,train
17337,train
17339,train
17341,train
17342,test
17343,train
17344,train
17345,test
17350,test
17351,train
17352,test
17355,train
17356,train
17357,train
17358,train
17361,train
17362,train
17364,train
17365,train
17366,test
17367,train
17368,train
17369,train
17370,train
17372,test
17373,train
17374,train
17375,train
17376,test
17377,train
17379,train
17381,train
17382,train
17383,train
17384,train
17385,train
17386,train
17387,test
17389,train
17390,test
17393,train
17396,train
17398,train
17400,train
17404,test
17407,train
17411,train
17415,train
17416,train
17417,train
17419,test
17420,train
17425,train
17428,train
17429,train
17430,train
17433,train
17435,train
17436,train
17438,train
17442,train
17444,train
17446,test
17448,train
17449,test
17451,train
17452,train
17455,train
17456,train
17457,train
17459,test
17460,train
17462,train
17463,train
17465,train
17467,train
17468,test
17470,train
17471,train
17473,test
17475,train
17479,train
17481,train
17483,train
17484,test
17485,train
17487,test
17488,train
17489,train
17490,test
17491,test
17492,train
17493,train
17496,train
17497,train
17498,train
17499,train
17500,train
17502,train
17503,test
17506,train
17511,train
17512,train
17516,train
17517,train
17518,train
17520,train
17521,train
17523,train
17526,train
17528,train
17532,train
17535,train
17536,train
17537,train
17538,train
17539,test
17540,train
17543,train
17546,train
17547,train
17552,test
17555,train
17558,test
17560,train
17561,train
17562,train
17564,train
17565,train
17567,train
17568,train
17570,test
17571,test
17574,train
17575,train
17576,train
17577,train
17578,train
17579,test
17580,test
17587,train
17590,train
17592,train
17594,train
17598,train
17599,train
17600,train
17601,train
17602,train
17604,train
17605,test
17607,train
17613,test
17614,train
17615,train
17618,test
17619,train
17627,test
17629,train
17630,train
17631,train
17632,train
17633,train
17634,train
17640,train
17641,test
17642,train
17645,train
17646,train
17648,train
17650,train
17653,train
17656,train
17657,train
17658,train
17659,test
17663,train
17664,test
17666,test
17668,train
17671,train
17674,train
17675,train
17678,test
17679,train
17682,train
17686,train
17690,train
17691,train
17692,train
17693,train
17694,train
17698,train
17700,train
17701,test
17702,train
17703,train
17704,test
17709,train
17711,train
17712,train
17714,train
17715,test
17716,train
17718,train
17719,train
17720,train
17721,train
17723,train
17724,train
17725,train
17733,train
17736,train
17738,train
17744,test
17745,train
17746,train
17749,train
17754,test
17755,train
17756,train
17757,train
17758,train
17759,train
17760,train
17762,train
17763,train
17765,test
17767,train
17768,train
17771,train
17772,train
17774,train
17778,train
17779,train
17783,train
17784,test
17785,train
17786,train
17789,train
17790,train
17791,train
17793,train
17794,train
17797,train
17798,test
17801,test
17802,train
17804,test
17805,train
17810,train
17813,train
17814,train
17816,train
17817,train
17820,train
17821,train
17823,train
17824,train
17825,train
17826,test
17829,train
17830,train
17831,train
17832,train
17835,train
17837,train
17838,train
17840,train
17841,train
17842,test
17843,test
17847,train
17848,train
17850,train
17851,train
17853,train
17856,test
17860,train
17862,train
17864,train
17868,train
17869,train
17870,train
17872,train
17873,train
17874,test
17875,train
17876,train
17877,train
17878,train
17882,train
17886,train
17887,train
17890,train
17891,train
17893,train
17895,train
17896,test
17898,train
17902,train
17903,train
17907,train
17908,train
17911,train
17914,train
17916,train
17917,train
17919,train
17923,train
17926,train
17927,train
17929,train
17930,train
17933,test
17938,train
17943,test
17944,test
17946,train
17949,train
17950,train
17957,train
17959,train
17961,train
17964,train
17971,train
17972,train
17974,train
17982,test
17985,train
17994,train
17999,train
18002,train
18006,train
18007,train
18009,train
18010,train
18016,train
18019,test
18026,train
18027,test
18034,train
18036,train
18039,train
18043,train
18048,train
18052,train
18055,train
18062,train
18065,train
18069,train
18070,test
18072,train
18073,train
18074,train
18076,train
18077,train
18078,train
18081,test
18086,train
18087,train
18088,test
18089,train
18093,train
18094,train
18095,train
18097,train
18099,train
18101,train
18104,train
18106,train
18110,train
18111,test
18115,train
18118,train
18120,train
18121,train
18122,train
18123,train
18124,test
18133,train
18136,train
18143,train
18144,train
18145,train
18146,train
18147,train
18148,train
18150,train
18152,train
18153,train
18154,train
18155,train
18157,train
18160,test
18163,train
18170,train
18173,train
18175,train
18176,train
18177,train
18178,train
18183,test
18184,train
18185,train
18186,train
18189,train
18192,train
18193,train
18194,test
18196,train
18198,train
18201,train
18204,train
18207,train
18211,train
18212,train
18213,train
18214,train
18215,test
18216,train
18218,train
18219,test
18220,train
18225,train
18226,train
18228,train
18232,train
18233,train
18234,train
18236,test
18238,train
18240,train
18242,test
18244,train
18245,train
18246,test
18247,train
18248,train
18251,train
18252,train
18253,train
18257,train
18262,train
18264,train
18265,train
18267,train
18268,train
18269,test
18271,train
18274,train
18276,train
18277,train
18279,train
18282,train
18284,train
18285,train
18287,train
18290,train
18294,train
18295,test
18296,train
18298,train
18299,train
18300,test
18301,train
18302,test
18304,test
18305,test
18306,test
18308,train
18309,train
18311,train
18312,train
18313,train
18318,train
18320,train
18322,train
18323,test
18324,train
18325,train
18327,train
18328,train
18330,train
18331,train
18333,train
18334,test
18340,train
18342,train
18343,train
18345,train
18347,train
18352,test
18355,test
18361,train
18363,train
18364,train
18365,test
18370,train
18374,train
18377,train
18378,train
18379,test
18381,train
18382,train
18383,train
18384,test
18385,test
18386,test
18387,train
18390,train
18391,test
18394,train
18395,train
18397,train
18404,train
18407,train
18408,test
18409,test
18417,train
18424,train
18425,train
18426,train
18427,test
18428,train
18429,train
18432,test
18436,test
18439,train
18441,train
18442,train
18446,test
18449,train
18450,test
18451,train
18452,train
18453,train
18454,train
18459,test
18460,test
18461,train
18462,train
18463,train
18464,test
18467,test
18468,train
18470,train
18475,test
18477,train
18481,train
18482,test
18484,train
18486,train
18487,test
18492,train
18493,test
18494,train
18497,test
18498,train
18499,train
18500,train
18501,train
18503,train
18504,train
18505,train
18507,train
18508,test
18509,train
18515,test
18516,train
18519,train
18521,test
18522,train
18524,train
18525,test
18529,train
18530,train
18531,train
18532,train
18536,train
18537,train
18539,train
18542,train
18545,train
18547,train
18548,train
18551,train
18553,train
18557,train
18558,train
18562,train
18566,train
18570,train
18575,test
18577,train
18579,train
18581,train
18582,train
18584,test
18585,train
18587,train
18589,train
18590,train
18593,train
18595,test
18596,train
18597,train
18602,test
18604,train
18606,train
18608,train
18610,train
18613,train
18614,train
18616,train
18618,test
18625,test
18627,test
18629,test
18631,train
18633,train
18634,train
18637,train
18638,train
18640,train
18642,train
18643,test
18644,train
18647,train
18649,train
18650,train
18652,train
18654,train
18655,train
18656,test
18660,train
18661,test
18668,train
18669,test
18670,train
18671,train
18675,train
18676,train
18679,test
18680,train
18681,test
18683,test
18684,train
18685,test
18686,train
18687,train
18692,train
18693,train
18694,train
18695,train
18696,train
18698,train
18699,train
18700,train
18702,train
18703,train
18704,test
18707,train
18709,train
18710,train
18711,train
18715,train
18716,train
18718,train
18719,train
18722,train
18723,train
18726,train
18732,train
18733,train
18734,train
18737,train
18739,train
18741,train
18742,train
18744,train
18747,train
18748,train
18752,train
18753,train
18756,train
18760,train
18762,train
18763,train
18767,train
18770,train
18774,train
18775,train
18778,train
18780,train
18783,train
18784,train
18785,train
18787,train
18791,train
18792,train
18793,test
18794,train
18798,train
18799,test
18803,train
18805,train
18806,train
18808,train
18809,train
18810,train
18812,train
18813,train
18817,test
18821,train
18822,train
18824,test
18825,train
18826,test
18828,test
18832,test
18833,train
18836,train
18839,train
18841,train
18847,test
18848,train
18849,train
18850,train
18852,train
18855,test
18856,train
18857,train
18860,train
18861,test
18863,train
18866,train
18869,train
18871,test
18872,train
18873,train
18874,test
18875,test
18876,test
18877,train
18878,train
18880,train
18882,train
18883,train
18887,train
18889,test
18890,train
18894,train
18895,train
18897,train
18900,train
18901,train
18902,train
18903,train
18905,train
18907,train
18908,train
18909,test
18910,train
18911,train
18913,train
18914,test
18915,test
18916,test
18917,train
18921,train
18923,train
18925,test
18926,train
18927,train
18929,train
18930,train
18932,train
18933,test
18935,test
18937,train
18938,train
18940,test
18943,train
18944,train
18948,train
18949,test
18950,train
18951,train
18952,train
18953,test
18954,train
18955,train
18956,test
18958,train
18960,train
18961,train
18962,train
18963,train
18965,train
18969,train
18970,train
18977,test
18980,train
18985,test
18986,train
18991,test
18992,train
18993,train
18994,train
18995,train
18996,train
18997,train
18998,train
19001,train
19002,test
19004,train
19005,train
19006,test
19008,test
19010,train
19011,train
19012,test
19013,train
19014,train
19015,train
19018,train
19019,train
19020,test
19022,test
19023,train
19024,train
19025,train
19026,train
19030,train
19031,test
19035,train
19036,train
19037,train
19038,test
19039,train
19040,test
19041,test
19043,train
19045,train
19046,train
19047,test
19048,train
19050,train
19051,train
19053,train
19054,train
19055,train
19056,train
19057,test
19059,train
19060,train
19061,train
19062,train
19063,test
19065,train
19068,train
19069,train
19070,train
19072,train
19073,train
19074,train
19075,test
19077,train
19081,train
19084,test
19087,train
19089,train
19100,test
19101,train
19102,train
19105,train
19106,test
19107,train
19108,train
19110,train
19114,test
19117,train
19120,train
19121,train
19127,train
19128,test
19129,train
19132,train
19134,test
19135,train
19136,train
19137,train
19139,train
19140,train
19141,train
19142,test
19144,test
19145,train
19148,train
19150,train
19151,test
19152,train
19153,train
19154,train
19156,train
19158,train
19161,train
19162,train
19163,train
19165,train
19167,train
19169,test
19170,train
19172,train
19174,train
19176,train
19177,test
19181,train
19182,train
19183,train
19184,train
19186,train
19187,test
19190,train
19191,train
19192,train
19195,train
19196,train
19199,train
19200,train
19201,train
19202,train
19204,test
19207,train
19209,test
19210,train
19212,test
19215,train
19216,train
19217,test
19222,train
19224,train
19226,train
19228,train
19230,train
19232,train
19233,train
19235,train
19236,train
19237,train
19238,train
19239,train
19241,train
19245,train
19246,test
19250,train
19254,train
19255,train
19256,test
19258,test
19262,train
19263,train
19265,train
19266,train
19269,test
19272,train
19273,train
19274,train
19275,train
19276,train
19277,train
19280,train
19281,train
19283,train
19284,train
19285,test
19286,test
19289,train
19290,train
19292,train
19293,test
19295,test
19296,train
19300,train
19302,train
19303,test
19304,train
19307,train
19311,train
19313,train
19315,train
19316,train
19318,test
19319,train
19320,train
19321,train
19322,train
19326,train
19328,train
19329,train
19331,train
19333,train
19334,train
19336,train
19337,train
19338,train
19341,train
19343,train
19348,train
19350,train
19352,train
19355,train
19357,test
19358,test
19362,train
19363,train
19365,train
19366,train
19370,train
19374,train
19375,train
19376,train
19380,train
19381,train
19389,train
19391,train
19395,train
19398,train
19399,train
19402,test
19404,train
19405,train
19406,test
19408,train
19409,train
19410,train
19413,train
19416,train
19421,train
19427,train
19428,train
19431,train
19433,train
19439,train
19440,train
19444,train
19447,train
19448,train
19449,train
19450,train
19453,train
19454,train
19455,train
19456,train
19460,train
19463,test
19465,train
19466,train
19467,train
19468,train
19469,train
19471,train
19475,train
19479,train
19481,train
19483,train
19484,train
19485,train
19487,train
19490,train
19491,train
19494,train
19495,test
19497,train
19499,test
19502,train
19504,train
19507,train
19508,train
19509,train
19511,test
19512,train
19513,train
19514,test
19515,train
19516,test
19517,train
19519,train
19524,train
19534,train
19536,test
19538,test
19540,train
19542,train
19548,test
19550,train
19551,train
19554,train
19555,train
19556,train
19557,train
19559,train
19560,train
19561,train
19563,train
19564,train
19567,train
19568,test
19569,train
19571,train
19576,train
19577,train
19581,test
19586,train
19587,train
19588,train
19589,test
19591,train
19593,test
19597,train
19598,train
19600,train
19601,train
19603,train
19607,train
19610,test
19612,train
19613,test
19618,train
19626,train
19629,train
19632,train
19635,train
19638,train
19640,train
19641,train
19642,train
19645,test
19647,train
19649,train
19650,train
19651,train
19652,train
19654,train
19656,test
19659,train
19666,test
19671,train
19672,train
19674,train
19675,train
19677,test
19678,test
19682,train
19683,train
19684,train
19686,test
19687,train
19692,train
19694,train
19697,train
19699,train
19704,test
19705,train
19710,train
19712,train
19713,test
19716,train
19717,train
19720,train
19721,train
19723,train
19724,train
19725,train
19726,train
19728,train
19731,test
19733,train
19735,train
19736,train
19739,train
19740,test
19741,test
19745,test
19746,train
19748,train
19749,train
19752,test
19757,train
19758,train
19759,train
19760,train
19761,test
19765,train
19766,test
19767,test
19770,test
19771,train
19773,train
19776,train
19777,test
19778,train
19779,train
19780,train
19783,train
19785,train
19787,train
19788,train
19789,train
19790,train
19791,train
19793,train
19795,train
19796,train
19798,train
19799,train
19800,train
19803,train
19804,train
19805,test
19806,train
19808,train
19809,train
19817,test
19818,train
19819,train
19821,train
19824,train
19825,train
19826,train
19834,train
19835,train
19840,test
19841,train
19842,train
19846,train
19847,test
19848,train
19851,train
19852,train
19854,train
19855,train
19856,train
19857,train
19858,train
19863,train
19864,train
19865,train
19866,train
19869,train
19870,test
19871,train
19874,train
19879,train
19880,train
19883,train
19887,test
19888,test
19889,test
19892,train
19893,train
19894,test
19895,train
19896,train
19899,train
19900,train
19906,train
19907,train
19912,train
19914,test
19916,train
19918,train
19919,test
19922,train
19924,test
19930,train
19932,test
19934,train
19936,test
19938,train
19939,train
19943,train
19948,train
19949,train
19952,train
19953,train
19954,train
19957,train
19959,train
19960,train
19961,train
19962,test
19963,test
19964,train
19965,test
19967,train
19970,train
19971,train
19972,train
19973,train
19974,train
19977,test
19983,test
19984,train
19985,train
19987,train
19988,train
19990,train
19991,test
19992,train
19994,train
19995,test
19996,train
19999,train
20000,train
20001,train
20002,train
20004,test
20006,train
20007,train
20008,train
20010,train
20013,train
20014,test
20015,train
20017,train
20019,train
20020,train
20022,train
20023,train
20025,train
20026,train
20027,train
20029,train
20030,train
20031,train
20032,train
20033,train
20036,train
20039,train
20040,train
20041,train
20042,test
20043,train
20044,train
20045,test
20047,train
20048,train
20049,train
20055,train
20058,train
20059,train
20060,train
20061,train
20062,test
20063,train
20064,train
20065,train
20067,train
20069,train
20070,train
20071,train
20073,train
20074,train
20075,train
20077,train
20078,train
20079,train
20080,train
20085,train
20089,train
20091,train
20092,train
20093,train
20097,train
20099,train
20100,train
20102,train
20103,train
20104,train
20106,train
20107,train
20109,train
20111,train
20113,test
20115,train
20116,train
20118,train
20119,train
20120,train
20121,train
20124,train
20125,test
20127,train
20129,train
20130,train
20131,train
20132,train
20134,train
20135,train
20136,test
20137,train
20138,train
20139,train
20141,train
20142,test
20143,test
20144,train
20147,test
20150,train
20151,train
20153,train
20155,train
20156,train
20160,train
20165,train
20167,train
20172,test
20173,train
20174,train
20175,train
20176,train
20177,train
20179,train
20183,train
20185,train
20186,train
20189,train
20190,train
20191,test
20194,train
20195,test
20199,train
20203,test
20207,train
20209,train
20211,train
20214,train
20215,train
20217,test
20219,train
20220,train
20223,train
20226,train
20228,train
20229,train
20231,test
20233,train
20234,test
20235,train
20240,train
20241,train
20243,train
20244,train
20245,train
20246,test
20248,train
20249,train
20253,train
20254,train
20255,train
20257,test
20260,train
20261,train
20263,test
20264,train
20265,train
20266,test
20267,train
20268,train
20269,train
20270,train
20271,train
20274,train
20275,train
20276,test
20279,train
20282,train
20283,train
20284,train
20287,train
20288,train
20290,train
20292,test
20293,train
20294,train
20297,train
20298,train
20299,train
20300,test
20304,train
20306,train
20307,train
20309,train
20310,train
20312,train
20314,train
20315,train
20316,train
20318,train
20320,train
20321,train
20323,train
20324,train
20326,train
20330,train
20332,train
20333,train
20334,train
20336,train
20338,train
20339,test
20340,train
20341,train
20346,train
20348,train
20349,train
20352,train
20354,train
20356,train
20357,train
20358,train
20361,train
20362,train
20367,train
20368,train
20369,test
20372,train
20375,train
20377,train
20379,train
20381,test
20384,train
20385,test
20386,test
20387,train
20388,train
20389,train
20390,train
20391,train
20392,train
20393,train
20394,train
20395,train
20397,train
20398,test
20399,train
20400,train
20402,train
20403,train
20404,train
20405,train
20408,train
20412,train
20413,train
20414,test
20417,train
20421,train
20426,train
20427,train
20429,train
20430,train
20432,train
20435,train
20437,train
20438,train
20439,test
20440,train
20441,test
20443,train
20446,train
20448,train
20449,train
20450,train
20454,train
20455,train
20457,train
20458,train
20459,train
20460,train
20464,test
20465,train
20466,train
20467,train
20468,train
20469,train
20470,test
20471,train
20475,train
20477,train
20480,test
20481,train
20482,test
20484,train
20485,train
20486,train
20490,train
20498,train
20500,test
20501,train
20503,train
20505,train
20506,train
20507,test
20513,train
20515,test
20517,test
20518,train
20519,train
20524,train
20526,train
20527,test
20528,train
20529,test
20530,train
20532,train
20533,train
20537,train
20540,train
20541,train
20542,train
20545,train
20546,train
20547,train
20551,train
20553,train
20558,test
20559,train
20560,train
20561,test
20563,train
20565,test
20566,train
20568,train
20571,train
20572,train
20577,train
20578,test
20579,train
20581,train
20582,train
20583,train
20584,train
20590,train
20591,train
20592,test
20593,train
20594,train
20595,test
20603,test
20604,train
20605,train
20606,train
20609,train
20610,train
20613,train
20615,train
20617,test
20618,test
20625,train
20626,train
20627,train
20629,train
20630,train
20634,train
20637,train
20646,train
20649,test
20650,train
20651,train
20652,test
20654,train
20655,train
20658,train
20662,train
20663,test
20665,train
20666,train
20667,train
20668,train
20670,test
20671,train
20672,train
20673,train
20676,test
20679,train
20680,test
20681,train
20682,test
20683,train
20687,train
20688,test
20689,train
20690,train
20691,train
20692,train
20693,train
20694,train
20695,train
20696,train
20698,test
20703,train
20704,test
20707,test
20708,train
20709,train
20710,train
20711,train
20712,train
20713,train
20714,train
20715,train
20716,test
20717,train
20721,train
20726,train
20727,train
20728,train
20729,train
20730,train
20732,train
20733,train
20734,train
20737,train
20741,train
20742,train
20746,train
20747,train
20748,train
20749,test
20751,test
20753,train
20754,train
20755,train
20757,train
20759,test
20760,test
20763,train
20766,train
20767,train
20768,train
20769,train
20770,test
20773,test
20777,train
20780,train
20781,test
20782,train
20783,test
20784,train
20785,test
20786,test
20787,train
20788,train
20789,train
20790,test
20792,train
20793,train
20795,train
20796,train
20797,train
20798,train
20799,train
20800,train
20801,train
20802,train
20803,train
20805,train
20806,train
20808,train
20812,train
20814,train
20816,train
20819,train
20820,train
20822,train
20826,train
20827,test
20830,train
20831,train
20833,train
20834,train
20835,train
20837,train
20839,train
20843,train
20844,train
20846,test
20848,train
20849,train
20850,train
20851,train
20852,train
20853,train
20854,train
20855,test
20857,train
20860,train
20861,test
20863,test
20866,train
20870,train
20871,train
20872,train
20874,train
20876,test
20878,train
20879,train
20885,train
20886,train
20888,test
20890,train
20892,train
20893,train
20895,train
20897,test
20900,test
20901,train
20902,train
20904,train
20906,test
20907,train
20908,train
20909,test
20910,test
20912,train
20924,train
20925,train
20927,train
20930,train
20934,train
20935,train
20936,train
20943,test
20946,train
20951,train
20953,train
20956,train
20960,test
20962,train
20965,test
20966,train
20968,train
20971,train
20975,train
20978,test
20979,train
20980,train
20982,train
20984,train
20985,train
20993,train
20994,train
20995,train
20996,test
20997,train
20998,train
21002,train
21007,train
21011,test
21012,train
21015,test
21017,train
21020,test
21025,test
21028,train
21029,train
21032,train
21033,train
21035,train
21038,train
21042,train
21047,train
21049,train
21052,test
21055,train
21056,test
21057,train
21058,train
21059,train
21060,test
21061,train
21062,train
21064,train
21066,train
21072,test
21073,train
21074,test
21076,train
21078,train
21081,train
21085,test
21087,train
21089,train
21091,test
21098,train
21101,train
21103,test
21104,train
21107,train
21108,train
21109,train
21112,train
21113,train
21114,train
21115,test
21116,train
21118,train
21119,test
21120,train
21124,train
21125,test
21126,train
21128,train
21130,train
21131,train
21132,train
21134,train
21136,train
21138,train
21140,train
21141,train
21142,train
21143,train
21144,train
21147,train
21149,train
21151,test
21152,test
21153,train
21154,train
21161,train
21163,train
21164,test
21165,train
21170,train
21172,train
21173,train
21174,train
21178,train
21182,train
21188,train
21189,train
21190,train
21192,train
21194,train
21199,train
21200,train
21203,train
21206,train
21207,train
21210,train
21212,train
21216,train
21220,train
21221,test
21222,train
21223,train
21224,train
21229,train
21230,train
21232,test
21233,train
21237,train
21243,train
21244,test
21246,train
21247,train
21248,test
21251,test
21255,test
21257,train
21259,test
21261,train
21263,train
21265,train
21268,test
21270,test
21271,train
21272,train
21275,test
21276,test
21278,train
21279,test
21281,train
21283,train
21284,train
21287,train
21288,train
21293,train
21295,train
21296,train
21299,train
21300,train
21301,train
21304,test
21305,train
21306,test
21307,train
21309,train
21310,train
21311,train
21312,train
21313,test
21314,train
21315,test
21316,test
21318,train
21321,test
21326,train
21327,train
21328,test
21329,train
21332,test
21333,train
21334,train
21336,train
21338,train
21340,train
21342,train
21344,train
21345,train
21350,train
21354,train
21355,train
21357,test
21360,test
21362,train
21363,train
21364,test
21367,train
21368,train
21369,train
21375,train
21380,train
21381,test
21387,train
21388,train
21390,train
21391,train
21392,train
21393,train
21394,train
21396,train
21400,test
21401,train
21405,train
21406,test
21408,train
21410,test
21411,train
21412,train
21413,train
21415,train
21416,train
21419,train
21421,train
21422,train
21425,test
21430,train
21431,train
21433,train
21436,train
21438,train
21439,train
21440,test
21442,test
21443,train
21447,train
21448,train
21450,train
21451,train
21454,test
21459,train
21461,test
21464,train
21466,train
21469,train
21470,train
21471,train
21473,train
21480,test
21481,train
21483,test
21485,train
21486,train
21487,train
21488,test
21492,train
21496,train
21498,train
21501,train
21504,train
21506,train
21508,train
21509,train
21511,test
21512,test
21513,test
21514,test
21516,test
21520,train
21523,train
21524,train
21525,train
21526,train
21530,train
21531,train
21532,train
21535,train
21539,train
21540,train
21542,train
21544,train
21549,train
21551,train
21552,train
21554,train
21557,train
21558,train
21559,train
21563,train
21567,train
21569,test
21572,train
21574,train
21575,train
21578,train
21579,train
21583,train
21584,train
21588,train
21589,train
21592,train
21594,train
21601,test
21602,test
21606,train
21609,train
21610,test
21612,train
21613,train
21616,test
21617,test
21619,train
21621,test
21622,train
21623,test
21629,train
21637,train
21640,train
21649,train
21651,test
21654,test
21657,train
21660,train
21665,train
21666,train
21670,train
21671,train
21673,test
21675,test
21677,train
21679,train
21680,test
21682,train
21684,test
21692,train
21696,test
21697,train
21698,train
21705,test
21708,train
21709,train
21713,train
21714,test
21722,test
21725,test
21727,test
21728,train
21732,train
21734,train
21736,train
21749,train
21750,train
21753,train
21759,train
21762,test
21763,train
21765,train
21766,train
21767,train
21769,train
21770,train
21772,train
21774,test
21776,test
21786,train
21799,train
21801,train
21803,test
21805,train
21806,train
21808,train
21812,train
21815,train
21816,train
21823,train
21824,train
21832,train
21835,train
21836,train
21841,test
21849,train
21852,train
21855,test
21858,train
21859,train
21860,train
21868,train
21874,train
21875,train
21876,train
21880,train
21883,test
21888,train
21889,train
21891,train
21892,train
21894,train
21897,train
21899,train
21902,test
21904,train
21905,train
21906,train
21910,train
21912,train
21913,train
21918,train
21919,train
21920,train
21923,train
21925,train
21926,train
21927,train
21928,test
21930,test
21932,test
21936,train
21941,train
21943,train
21944,train
21947,train
21950,train
21957,train
21961,train
21965,train
21968,train
21971,train
21977,train
21978,test
21983,train
21984,train
21985,train
21986,train
21987,train
21988,train
21990,train
21995,train
21997,train
21999,train
22000,train
22001,train
22017,train
22018,test
22024,test
22025,train
22026,train
22027,train
22039,train
22040,train
22041,test
22044,train
22045,train
22047,train
22051,train
22053,test
22054,train
22055,train
22056,train
22059,test
22069,train
22070,train
22078,train
22081,train
22082,train
22083,train
22089,train
22093,train
22096,train
22098,test
22104,test
22105,test
22117,train
22119,test
22124,test
22127,test
22130,train
22138,train
22139,train
22141,train
22143,train
22148,train
22154,train
22159,test
22161,train
22164,test
22173,train
22174,train
22177,train
22192,train
22194,train
22195,train
22198,train
22205,train
22206,train
22209,train
22211,train
22212,train
22215,train
22216,test
22217,train
22223,train
22228,train
22231,test
22236,test
22238,train
22244,train
22245,train
22251,train
22252,test
22255,train
22257,train
22259,train
22260,test
22261,train
22262,train
22270,test
22271,test
22281,test
22284,train
22285,train
22286,test
22287,test
22292,test
22295,test
22296,test
22298,train
22299,test
22304,test
22305,train
22306,test
22307,train
22310,train
22312,test
22315,test
22318,train
22320,train
22322,train
22325,test
22327,test
22328,train
22329,train
22331,train
22332,train
22333,test
22336,train
22337,test
22343,train
22346,train
22347,train
22351,train
22352,train
22353,test
22357,train
22358,train
22369,train
22372,train
22373,train
22376,train
22377,test
22383,train
22388,train
22389,train
22407,test
22414,train
22415,train
22417,train
22418,train
22419,train
22420,train
22422,train
22424,train
22427,train
22432,train
22435,train
22445,train
22446,train
22447,test
22458,test
22459,train
22463,test
22464,train
22465,train
22466,train
22467,train
22468,test
22474,train
22477,test
22481,train
22485,train
22489,test
22492,test
22494,train
22496,train
22507,train
22510,test
22511,train
22516,train
22521,train
22527,train
22529,train
22532,test
22533,train
22538,test
22539,train
22540,train
22541,train
22542,train
22546,train
22547,test
22552,train
22554,train
22564,train
22566,train
22568,train
22570,train
22572,train
22573,train
22574,train
22579,train
22580,train
22582,test
22583,test
22586,train
22589,train
22590,test
22591,train
22592,train
22593,train
22595,test
22597,train
22600,train
22601,train
22602,train
22603,train
22604,train
22605,train
22606,test
22607,test
22611,train
22613,test
22614,train
22616,train
22619,train
22621,train
22627,test
22631,train
22637,train
22640,train
22644,train
22646,test
22650,train
22652,train
22653,train
22656,train
22659,train
22661,test
22662,test
22665,train
22666,train
22667,train
22669,train
22671,train
22673,test
22677,train
22678,train
22680,test
22683,train
22688,test
22689,train
22690,train
22696,train
22697,test
22701,train
22705,test
22707,train
22716,test
22717,train
22720,train
22727,train
22732,train
22740,train
22744,train
22747,train
22750,train
22755,train
22756,train
22757,train
22760,test
22762,train
22768,train
22775,train
22777,train
22781,train
22783,train
22787,train
22792,train
22793,train
22794,train
22797,test
22800,train
22802,train
22805,train
22807,train
22810,train
22814,train
22815,test
22816,test
22819,train
22827,train
22828,train
22829,train
22832,train
22836,train
22837,test
22838,test
22846,train
22858,test
22861,train
22863,train
22865,test
22874,train
22875,train
22878,train
22880,train
22883,train
22888,train
22889,train
22892,train
22898,test
22901,train
22902,train
22908,train
22912,train
22917,test
22918,test
22921,train
22922,test
22923,train
22929,train
22930,train
22931,train
22940,train
22941,train
22945,test
22948,train
22953,train
22956,test
22958,train
22959,train
22961,train
22963,train
22966,test
22970,train
22974,train
22977,train
22979,train
22985,test
22988,test
22991,test
22998,train
23006,train
23007,test
23008,test
23010,train
23013,train
23018,train
23022,train
23023,train
23028,test
23029,train
23038,train
23042,train
23045,train
23053,train
23058,test
23061,train
23062,train
23066,train
23068,train
23070,train
23072,test
23073,train
23079,train
23089,test
23091,train
23092,test
23095,train
23098,test
23101,train
23102,train
23104,train
23107,train
23110,train
23112,test
23113,test
23116,train
23118,train
23119,test
23120,train
23121,train
23132,test
23136,train
23139,train
23140,train
23144,train
23145,train
23148,train
23154,train
23164,train
23165,train
23166,test
23172,train
23180,train
23184,test
23187,train
23198,test
23201,train
23209,train
23215,test
23216,train
23221,train
23224,train
23227,train
23247,train
23249,train
23259,test
23261,train
23267,test
23273,test
23279,train
23294,train
23312,train
23319,test
23339,train
23349,test
23350,test
23361,train
23370,test
23371,train
23376,train
23377,train
23378,train
23393,test
23396,train
23399,train
23413,train
23417,test
23422,train
23424,train
23429,train
23437,train
23452,train
23460,test
23462,test
23463,train
23465,train
23472,train
23474,train
23481,train
23484,train
23495,train
23496,train
23503,test
23509,test
23541,train
23542,train
23550,train
23556,train
23566,train
23607,train
23613,train
23614,train
23619,test
23624,test
23639,train
23645,train
23658,train
23661,test
23669,train
23673,train
23675,train
23688,train
23693,train
23694,train
23729,train
23746,train
23758,test
23763,test
23769,train
23778,test
23788,train
23791,train
23792,train
23795,train
23804,train
23811,train
23819,train
23820,train
23821,train
23826,train
23828,train
23829,test
23833,train
23841,train
23843,test
23871,train
23873,train
23877,train
23881,train
23885,train
23890,train
23892,test
23904,train
23906,test
23909,train
23911,test
23914,test
23915,train
23925,train
23933,train
23938,train
23939,train
23950,train
23951,train
23972,train
23986,train
24010,test
24014,train
24023,test
24031,train
24052,train
24057,train
24058,test
24071,train
24077,train
24085,train
24097,train
24104,train
24113,train
24116,train
24127,train
24128,test
24129,test
24141,train
24143,test
24145,train
24151,test
24152,train
24154,train
24157,test
24163,train
24176,train
24181,test
24189,train
24191,train
24192,train
24204,train
24218,train
24226,train
24228,train
24239,train
24247,train
24250,train
24258,train
24259,test
24266,train
24267,test
24268,train
24269,test
24270,train
24271,train
24274,test
24276,test
24280,train
24284,train
24285,train
24290,train
24297,test
24301,train
24302,train
24304,train
24305,test
24308,train
24309,train
24315,train
24319,test
24323,train
24324,train
24327,train
24336,test
24337,train
24341,train
24342,train
24350,train
24352,train
24354,test
24359,test
24360,train
24361,train
24363,train
24365,train
24367,train
24370,test
24371,train
24372,test
24376,train
24382,train
24392,train
24395,train
24397,test
24399,test
24407,train
24409,test
24410,train
24419,train
24420,train
24422,test
24427,train
24434,train
24440,test
24446,train
24449,train
24453,train
24462,test
24465,test
24467,train
24474,test
24475,train
24477,train
24480,train
24486,test
24487,test
24489,train
24490,test
24492,train
24495,test
24499,test
24501,test
24506,train
24511,train
24514,train
24526,train
24531,train
24537,train
24538,train
24541,train
24542,test
24548,train
24550,train
24557,train
24558,train
24562,train
24564,test
24571,train
24573,train
24575,train
24577,train
24582,train
24585,train
24586,train
24589,test
24591,test
24592,train
24595,train
24596,train
24605,train
24606,test
24608,test
24613,train
24617,test
24618,test
24619,test
24624,test
24628,train
24632,train
24633,train
24634,train
24636,train
24638,train
24650,train
24659,train
24660,train
24665,train
24669,test
24670,train
24675,train
24679,test
24682,train
24683,train
24685,train
24686,train
24692,train
24694,train
24697,test
24699,train
24702,train
24705,test
24712,test
24713,train
24714,train
24716,train
24718,test
24719,test
24723,train
24725,train
24734,train
24735,train
24737,train
24739,train
24744,train
24748,train
24752,test
24753,test
24756,train
24758,train
24762,train
24763,train
24765,train
24770,train
24773,train
24774,train
24775,train
24776,test
24777,train
24782,train
24784,train
24786,train
24788,train
24792,train
24797,train
24799,train
24800,train
24803,train
24805,train
24810,train
24811,test
24812,train
24820,train
24826,train
24827,test
24832,train
24837,train
24838,test
24841,test
24847,train
24849,train
24850,test
24851,train
24852,test
24855,train
24856,train
24861,train
24862,test
24863,train
24866,train
24869,train
24871,train
24872,train
24877,train
24879,test
24881,train
24882,test
24885,train
24888,train
24897,test
24901,train
24902,train
24906,train
24919,train
24920,train
24926,train
24928,test
24930,train
24931,train
24934,test
24935,test
24942,train
24954,test
24959,test
24961,train
24962,train
24965,train
24968,test
24976,train
24979,test
24980,train
24990,test
24991,train
24993,train
25005,train
25012,train
25016,train
25021,test
25023,train
25024,train
25029,train
25036,test
25044,test
25046,train
25053,train
25054,train
25055,test
25058,train
25059,train
25061,test
25063,train
25065,train
25068,train
25071,train
25077,train
25081,test
25086,test
25087,train
25090,test
25092,train
25095,train
25096,train
25099,train
25101,test
25102,test
25103,train
25104,train
25107,train
25108,train
25113,test
25115,test
25116,train
25125,train
25130,train
25134,train
25136,train
25142,train
25143,train
25144,train
25145,train
25148,test
25152,train
25153,train
25154,train
25156,train
25164,test
25166,train
25167,train
25169,train
25170,test
25172,train
25173,train
25175,train
25178,train
25179,train
25181,test
25186,test
25189,test
25191,test
25192,train
25193,train
25197,train
25205,train
25206,train
25207,train
25208,train
25209,train
25211,train
25212,train
25214,train
25215,test
25217,train
25222,test
25223,train
25224,test
25225,train
25226,test
25229,test
25237,train
25239,train
25241,test
25243,train
25244,train
25247,train
25249,train
25251,train
25256,test
25257,train
25258,train
25260,train
25262,train
25264,train
25268,train
25270,train
25271,train
25272,train
25274,train
25277,test
25278,train
25279,train
25282,train
25283,train
25286,train
25287,train
25289,train
25291,test
25293,train
25295,test
25296,train
25298,train
25302,train
25304,test
25307,test
25310,train
25315,train
25317,train
25320,train
25321,train
25322,train
25325,train
25326,test
25330,test
25332,test
25333,test
25334,train
25336,train
25337,train
25339,train
25340,train
25342,train
25346,train
25347,train
25348,train
25351,train
25357,test
25358,train
25359,train
25361,train
25363,train
25365,train
25366,train
25367,train
25369,test
25372,train
25373,test
25377,train
25378,train
25380,train
25384,train
25385,train
25388,test
25389,train
25392,train
25393,train
25395,train
25397,train
25398,test
25399,train
25401,train
25403,test
25404,train
25405,test
25406,train
25408,test
25409,train
25411,train
25413,test
25419,train
25420,train
25423,train
25424,train
25425,train
25426,train
25427,train
25431,train
25432,train
25433,train
25434,train
25436,train
25438,train
25440,train
25444,train
25449,train
25451,train
25452,train
25459,train
25468,train
25470,train
25472,train
25475,train
25478,test
25482,train
25483,train
25484,test
25489,train
25491,train
25494,train
25496,train
25499,train
25501,train
25504,train
25505,train
25508,train
25510,train
25511,train
25513,test
25516,train
25518,train
25520,train
25521,test
25523,test
25524,test
25525,train
25528,train
25529,train
25535,train
25536,train
25538,train
25539,train
25542,train
25545,train
25547,train
25549,train
25552,train
25553,train
25557,train
25559,train
25560,train
25565,train
25567,train
25573,train
25574,train
25579,test
25580,train
25586,test
25587,train
25590,train
25592,train
25597,test
25598,train
25600,test
25601,train
25602,test
25604,train
25605,train
25606,train
25613,test
25614,test
25615,train
25623,train
25624,train
25628,train
25629,train
25632,test
25634,train
25636,train
25637,train
25642,train
25645,test
25648,train
25654,test
25656,train
25658,test
25659,train
25661,train
25662,train
25663,train
25667,train
25672,train
25675,train
25676,train
25678,train
25679,train
25680,train
25681,train
25683,train
25684,train
25685,train
25691,train
25692,test
25693,train
25695,train
25696,train
25698,train
25699,train
25700,train
25702,train
25704,train
25705,train
25706,test
25708,train
25710,train
25712,train
25716,train
25718,test
25720,test
25721,train
25727,train
25731,train
25732,train
25735,test
25737,train
25742,train
25743,train
25744,train
25745,train
25746,train
25748,train
25749,train
25752,train
25756,train
25758,test
25763,test
25764,train
25771,train
25773,train
25775,train
25777,train
25778,train
25780,train
25781,train
25782,train
25785,train
25786,train
25789,train
25791,train
25792,train
25793,train
25794,train
25797,train
25801,train
25803,train
25805,test
25807,test
25808,train
25811,train
25814,test
25818,test
25819,test
25821,test
25822,train
25823,train
25833,train
25834,train
25836,train
25838,train
25841,train
25843,train
25847,train
25854,test
25856,test
25861,train
25866,test
25867,train
25868,train
25869,test
25874,train
25875,train
25879,train
25880,train
25881,train
25882,train
25884,train
25885,test
25886,train
25888,train
25889,test
25892,train
25895,test
25897,train
25898,test
25899,test
25901,train
25904,train
25907,train
25909,train
25911,train
25914,train
25916,test
25917,train
25918,train
25919,test
25922,train
25925,train
25926,test
25928,test
25931,train
25933,train
25935,train
25940,train
25951,test
25954,train
25956,train
25959,train
25961,test
25963,train
25966,train
25967,train
25968,test
25969,train
25971,train
25972,train
25974,train
25975,test
25980,train
25981,train
25982,train
25983,train
25984,train
25986,train
25990,test
25991,train
25994,train
25995,test
25996,train
25998,train
26002,train
26004,train
26009,test
26011,train
26013,train
26014,test
26016,train
26017,train
26019,train
26021,train
26025,train
26026,train
26027,train
26030,test
26031,train
26035,train
26036,train
26037,train
26040,train
26044,train
26045,train
26050,test
26051,train
26054,test
26056,train
26057,test
26059,train
26060,test
26065,train
26066,train
26067,train
26070,train
26074,train
26076,train
26079,train
26082,train
26083,train
26089,train
26093,train
26094,train
26096,train
26101,train
26102,train
26103,train
26104,train
26107,train
26111,train
26113,train
26116,train
26119,test
26120,train
26122,train
26123,test
26127,train
26129,train
26135,test
26137,train
26138,train
26141,train
26142,test
26143,train
26146,train
26148,train
26150,train
26151,train
26155,train
26157,train
26158,train
26160,train
26161,train
26164,train
26166,train
26168,train
26169,train
26170,train
26172,train
26175,train
26176,train
26179,train
26181,train
26182,train
26184,train
26186,train
26187,train
26188,test
26189,train
26191,train
26194,train
26198,train
26201,test
26203,train
26204,train
26206,test
26207,train
26208,train
26209,train
26212,train
26213,train
26216,test
26219,train
26221,test
26222,train
26223,train
26224,train
26228,test
26229,train
26230,train
26232,train
26233,train
26235,test
26240,train
26242,train
26245,train
26248,train
26250,test
26254,train
26256,train
26257,test
26260,train
26262,train
26263,train
26268,train
26273,train
26275,train
26276,train
26277,train
26278,test
26281,train
26284,train
26285,test
26286,train
26289,train
26293,test
26294,train
26296,train
26297,train
26298,train
26299,train
26301,train
26304,train
26305,train
26307,train
26308,train
26312,test
26313,train
26317,test
26318,train
26319,train
26322,train
26324,train
26327,train
26331,train
26332,train
26333,train
26334,train
26335,train
26336,train
26338,train
26339,train
26340,train
26341,train
26342,test
26343,train
26344,test
26345,test
26349,train
26351,train
26353,train
26355,train
26357,test
26358,test
26361,train
26362,train
26363,train
26367,train
26368,train
26369,test
26370,train
26371,train
26374,train
26375,test
26376,train
26377,train
26381,train
26383,train
26384,test
26385,train
26386,train
26389,train
26391,test
26392,train
26393,test
26395,train
26398,train
26399,test
26403,train
26404,train
26405,train
26406,train
26407,train
26411,train
26412,train
26416,test
26417,train
26422,test
26423,train
26425,train
26426,train
26429,train
26431,test
26432,train
26433,train
26435,train
26436,train
26437,train
26439,test
26440,train
26445,train
26446,train
26447,test
26448,train
26452,train
26454,train
26456,train
26457,train
26460,test
26462,test
26464,train
26466,train
26467,test
26468,train
26469,test
26470,test
26472,train
26473,train
26475,train
26478,test
26479,train
26480,train
26481,train
26483,train
26485,test
26488,train
26489,train
26490,test
26491,train
26494,test
26500,train
26501,train
26503,test
26508,train
26509,train
26511,train
26512,train
26514,train
26518,train
26521,train
26527,train
26529,train
26530,train
26534,train
26535,train
26536,train
26537,train
26538,test
26539,train
26541,train
26543,train
26546,test
26548,train
26552,train
26553,train
26555,train
26561,train
26562,test
26565,train
26568,train
26570,train
26571,train
26572,train
26576,test
26581,train
26583,train
26585,train
26587,test
26589,train
26590,train
26592,test
26593,train
26594,train
26595,train
26601,train
26603,test
26604,train
26605,train
26606,train
26609,train
26610,test
26613,train
26614,train
26615,test
26618,train
26621,train
26622,train
26627,train
26629,test
26633,train
26634,test
26635,train
26636,test
26637,train
26638,train
26642,test
26643,train
26644,train
26645,train
26646,train
26647,train
26648,train
26649,train
26650,train
26651,train
26653,train
26654,test
26658,train
26660,train
26664,test
26665,test
26667,test
26671,test
26673,test
26674,test
26676,train
26679,train
26681,train
26688,train
26690,train
26693,test
26695,train
26700,train
26701,train
26702,train
26703,train
26709,test
26710,train
26711,train
26712,test
26714,train
26716,train
26718,test
26719,train
26720,train
26722,train
26723,test
26724,train
26728,train
26729,train
26730,train
26732,train
26733,train
26738,train
26739,train
26741,train
26742,train
26744,train
26745,test
26750,train
26752,train
26753,test
26754,train
26757,train
26759,train
26760,train
26761,train
26763,train
26764,train
26768,train
26769,train
26770,train
26771,train
26775,train
26778,train
26779,train
26780,train
26781,train
26782,test
26789,train
26791,train
26795,test
26796,train
26800,train
26801,train
26803,train
26804,train
26806,train
26807,test
26808,train
26809,train
26817,train
26821,train
26822,train
26824,train
26825,train
26826,test
26827,train
26828,test
26829,train
26831,train
26832,train
26833,train
26834,train
26835,train
26837,train
26838,train
26839,train
26842,train
26843,test
26844,test
26847,train
26849,test
26851,train
26852,train
26853,train
26854,train
26855,train
26857,test
26861,test
26862,train
26863,train
26864,test
26869,test
26870,train
26871,test
26872,train
26873,train
26874,train
26876,test
26877,train
26879,train
26881,train
26883,test
26884,train
26886,train
26888,train
26890,test
26891,train
26892,train
26893,train
26894,train
26895,train
26897,train
26898,train
26899,train
26901,train
26902,train
26908,train
26911,test
26915,test
26916,train
26917,train
26919,train
26920,train
26921,train
26922,train
26923,test
26924,train
26926,test
26928,train
26930,train
26931,train
26932,train
26933,train
26936,train
26938,train
26939,train
26941,train
26942,test
26945,train
26946,train
26947,train
26948,train
26950,train
26952,train
26953,train
26954,test
26956,test
26957,train
26958,train
26959,train
26962,train
26963,train
26967,train
26968,train
26969,test
26970,train
26971,train
26974,train
26975,train
26976,train
26984,train
26987,train
26988,train
26990,train
26991,train
26996,train
27000,train
27005,train
27007,test
27008,train
27009,train
27011,test
27015,train
27017,train
27020,train
27022,train
27023,test
27024,test
27025,train
27028,train
27032,train
27033,train
27035,train
27036,train
27037,train
27039,train
27040,train
27041,train
27042,test
27044,train
27046,test
27047,train
27049,train
27051,test
27052,train
27053,train
27055,test
27058,train
27059,train
27060,train
27061,train
27062,train
27065,train
27070,train
27071,train
27072,train
27075,test
27076,test
27077,train
27078,train
27080,train
27081,train
27087,train
27088,train
27090,train
27091,train
27092,train
27094,train
27098,train
27099,train
27100,train
27101,train
27102,test
27103,train
27105,train
27106,train
27108,train
27109,train
27111,test
27112,train
27114,test
27116,train
27118,train
27120,train
27123,train
27126,train
27127,train
27129,train
27130,train
27132,test
27133,train
27134,train
27135,train
27136,train
27138,train
27139,train
27141,train
27144,test
27145,test
27148,train
27150,train
27151,train
27153,train
27154,train
27156,train
27157,test
27161,train
27162,train
27166,test
27169,train
27177,train
27182,train
27184,train
27187,test
27188,train
27189,test
27190,train
27191,train
27192,test
27193,train
27199,train
27200,train
27201,train
27203,train
27204,train
27205,test
27206,test
27208,train
27209,test
27210,train
27212,train
27213,train
27216,train
27218,train
27219,train
27222,test
27224,test
27225,train
27226,test
27227,test
27229,train
27230,train
27232,test
27233,train
27235,train
27237,train
27239,train
27240,train
27241,test
27242,train
27243,train
27244,train
27247,train
27248,test
27251,train
27256,train
27259,test
27260,train
27262,train
27263,train
27264,train
27265,train
27267,train
27269,test
27270,train
27273,test
27274,train
27277,test
27278,train
27280,train
27281,train
27285,train
27289,test
27290,test
27293,test
27294,train
27295,test
27296,train
27297,train
27298,train
27301,train
27302,train
27303,test
27305,train
27306,train
27308,train
27309,train
27310,train
27311,train
27312,test
27313,train
27314,train
27315,train
27316,train
27319,test
27320,test
27321,train
27322,train
27323,train
27324,test
27326,train
27329,train
27331,train
27332,train
27333,train
27334,test
27335,test
27336,train
27339,train
27342,test
27346,test
27347,train
27350,train
27351,train
27352,train
27353,train
27354,train
27355,train
27356,train
27357,train
27358,test
27359,train
27361,train
27365,test
27366,train
27368,train
27370,train
27377,train
27378,test
27379,test
27380,train
27381,train
27382,train
27387,train
27389,train
27393,train
27395,test
27397,train
27398,test
27399,train
27400,train
27402,train
27403,train
27404,train
27405,test
27406,train
27407,train
27409,train
27410,test
27411,train
27415,train
27416,test
27419,test
27421,train
27423,train
27424,train
27425,train
27430,train
27431,train
27432,train
27438,train
27439,train
27441,train
27445,train
27446,train
27447,train
27449,train
27451,test
27453,train
27455,test
27456,train
27460,train
27463,train
27464,train
27465,train
27469,train
27470,test
27472,test
27473,test
27479,test
27480,train
27483,train
27485,test
27489,test
27490,train
27491,train
27492,train
27493,train
27497,test
27498,test
27500,train
27509,train
27511,train
27513,train
27514,train
27515,train
27516,train
27517,test
27518,test
27519,test
27520,train
27522,train
27527,train
27528,train
27529,train
27532,train
27535,train
27536,test
27537,test
27538,train
27539,train
27542,test
27543,train
27545,train
27546,train
27548,test
27551,test
27556,train
27557,train
27558,train
27561,train
27562,train
27563,train
27564,train
27565,train
27568,train
27571,train
27572,train
27573,train
27574,train
27576,train
27577,test
27578,train
27579,train
27581,train
27582,test
27583,train
27585,train
27587,train
27588,test
27594,test
27595,train
27600,train
27601,train
27603,test
27605,train
27606,train
27608,train
27609,train
27610,test
27613,train
27616,train
27617,train
27618,train
27621,train
27623,train
27627,train
27629,train
27630,train
27632,train
27634,train
27635,train
27637,train
27639,train
27640,train
27644,train
27645,test
27646,train
27650,train
27651,train
27652,train
27653,train
27656,train
27657,train
27659,train
27661,test
27662,train
27665,test
27666,train
27668,train
27670,train
27671,train
27672,test
27674,train
27680,test
27681,train
27682,test
27684,train
27688,train
27689,train
27690,train
27692,test
27694,train
27695,train
27696,train
27700,train
27703,train
27704,train
27705,train
27706,test
27707,train
27708,train
27711,test
27716,train
27717,train
27725,train
27726,test
27728,train
27729,train
27731,train
27732,train
27733,train
27734,train
27735,train
27736,test
27737,train
27739,test
27741,train
27745,train
27746,train
27748,train
27750,train
27752,train
27753,train
27754,train
27756,train
27758,train
27763,train
27764,test
27766,train
27768,train
27771,train
27772,train
27774,train
27775,train
27776,train
27780,train
27781,train
27783,train
27784,test
27786,train
27787,test
27788,train
27789,train
27790,train
27791,test
27794,train
27795,train
27798,train
27799,train
27801,train
27802,train
27803,test
27805,train
27806,train
27807,train
27810,test
27812,train
27814,train
27821,test
27823,train
27824,train
27825,train
27827,train
27828,test
27831,train
27832,train
27835,test
27836,train
27838,train
27839,train
27842,train
27844,train
27845,test
27846,train
27848,train
27849,train
27850,train
27851,train
27856,train
27859,test
27860,test
27863,train
27865,test
27866,train
27867,train
27868,train
27871,train
27875,test
27877,train
27881,train
27882,train
27883,train
27890,train
27891,train
27892,test
27897,test
27901,train
27903,test
27905,train
27908,train
27911,train
27918,train
27919,train
27921,train
27928,train
27934,train
27936,test
27937,train
27938,train
27939,train
27941,test
27942,train
27943,train
27944,test
27945,test
27950,train
27952,test
27953,train
27954,train
27957,train
27960,train
27962,train
27965,test
27966,train
27969,test
27970,train
27971,test
27973,test
27979,train
27981,train
27982,train
27985,test
27986,train
27989,train
27994,train
27997,train
28001,train
28002,test
28003,train
28005,train
28006,train
28008,test
28010,test
28012,train
28013,train
28014,train
28015,train
28016,test
28018,train
28020,train
28021,train
28023,train
28024,train
28025,train
28027,train
28028,train
28030,train
28031,test
28032,test
28033,test
28035,train
28036,train
28037,train
28038,train
28039,train
28041,train
28042,train
28043,train
28045,train
28046,train
28047,train
28048,train
28049,train
28050,train
28057,test
28059,train
28060,train
28062,train
28063,test
28069,train
28072,train
28074,train
28076,train
28079,train
28081,train
28083,train
28084,train
28085,test
28086,train
28090,test
28094,test
28097,train
28098,train
28099,train
28101,train
28102,train
28104,train
28105,train
28107,train
28108,train
28109,train
28111,test
28112,train
28113,train
28114,train
28116,train
28119,train
28123,train
28126,train
28128,test
28132,train
28133,train
28135,train
28137,train
28139,train
28147,test
28149,train
28151,train
28152,train
28153,train
28154,train
28155,train
28159,train
28161,train
28164,train
28168,train
28170,train
28171,test
28174,train
28175,train
28176,train
28178,train
28180,train
28181,test
28184,test
28185,train
28188,train
28189,train
28190,train
28191,test
28192,test
28195,test
28196,train
28198,train
28199,test
28200,train
28201,test
28206,train
28207,train
28209,train
28210,train
28212,train
28213,test
28217,train
28219,test
28220,train
28221,test
28222,train
28223,train
28229,test
28230,train
28231,test
28233,train
28235,train
28236,test
28237,train
28239,train
28240,test
28242,train
28243,train
28244,train
28247,train
28248,test
28249,test
28250,train
28251,train
28252,train
28253,train
28254,train
28255,train
28257,train
28260,train
28261,train
28265,train
28266,train
28268,train
28270,train
28271,train
28272,test
28278,train
28279,train
28280,test
28281,train
28284,test
28286,train
28287,train
28288,train
28291,train
28292,train
28295,train
28296,test
28297,train
28298,test
28300,test
28303,train
28304,train
28305,train
28309,train
28311,train
28312,train
28313,train
28314,train
28317,test
28318,train
28322,test
28325,train
28326,train
28327,train
28328,train
28330,train
28331,train
28333,train
28334,train
28335,test
28336,test
28337,test
28338,train
28339,train
28340,train
28341,train
28342,test
28347,train
28350,train
28351,train
28352,train
28354,train
28355,train
28357,train
28360,train
28361,train
28366,train
28367,train
28368,train
28369,train
28370,train
28371,train
28372,train
28374,train
28376,train
28377,train
28379,train
28380,train
28382,train
28384,train
28385,train
28387,train
28389,train
28391,train
28392,test
28393,train
28394,train
28395,train
28397,train
28398,train
28399,train
28400,test
28401,train
28403,train
28404,train
28407,train
28408,train
28409,train
28410,train
28411,test
28412,train
28413,test
28414,train
28417,train
28418,train
28419,train
28420,train
28423,train
28424,train
28425,train
28428,test
28429,train
28431,train
28432,train
28433,train
28434,train
28435,train
28436,train
28437,train
28438,train
28439,train
28440,train
28442,test
28443,test
28444,train
28445,train
28447,train
28448,train
28449,train
28451,train
28454,train
28455,train
28456,train
28458,train
28459,train
28460,train
28464,train
28465,train
28468,train
28470,train
28472,train
28476,train
28478,train
28479,train
28480,train
28481,train
28482,test
28483,train
28485,train
28489,train
28490,train
28493,train
28495,train
28496,train
28498,train
28500,train
28501,train
28502,test
28503,train
28504,test
28505,train
28506,train
28507,train
28509,test
28510,test
28511,train
28518,train
28519,train
28520,train
28521,test
28522,train
28523,train
28524,train
28525,train
28526,train
28528,train
28529,train
28531,train
28533,test
28534,train
28536,train
28539,test
28540,train
28542,train
28543,train
28545,test
28548,train
28549,train
28551,test
28552,train
28553,train
28554,train
28555,train
28556,test
28557,train
28558,train
28559,train
28560,train
28562,test
28564,train
28566,train
28567,train
28568,train
28569,train
28570,test
28572,train
28576,train
28579,train
28580,train
28581,train
28583,train
28584,train
28585,test
28587,train
28589,train
28590,train
28591,train
28592,train
28593,train
28596,train
28598,train
28599,train
28600,train
28601,train
28602,train
28604,train
28605,train
28607,train
28610,train
28611,train
28612,train
28614,train
28615,train
28616,train
28617,test
28618,train
28619,train
28621,train
28622,train
28623,train
28624,train
28626,train
28632,train
28633,train
28634,train
28635,train
28639,test
28641,train
28642,train
28645,train
28647,train
28648,test
28651,train
28654,test
28655,train
28656,train
28657,test
28659,train
28661,test
28662,train
28664,train
28666,train
28668,train
28669,train
28670,test
28671,train
28672,train
28674,test
28677,test
28678,train
28682,train
28684,train
28686,train
28689,test
28691,train
28696,train
28697,train
28700,train
28701,train
28702,train
28704,test
28706,test
28707,train
28708,test
28709,test
28710,train
28711,train
28713,train
28715,train
28716,train
28717,test
28720,train
28722,train
28723,train
28724,train
28725,test
28726,train
28730,train
28732,train
28735,train
28740,train
28741,train
28742,train
28746,train
28747,train
28749,train
28750,test
28752,train
28753,train
28754,train
28755,test
28756,train
28757,train
28760,train
28761,train
28762,train
28763,train
28764,train
28765,train
28766,train
28767,test
28768,train
28769,train
28770,train
28772,train
28773,test
28775,train
28778,train
28780,train
28781,test
28783,train
28786,train
28787,train
28788,test
28789,test
28790,train
28791,test
28793,train
28795,train
28797,train
28799,train
28800,test
28801,train
28802,train
28803,train
28805,train
28806,train
28807,train
28808,train
28812,train
28814,train
28816,train
28817,train
28818,train
28819,train
28820,train
28822,train
28825,train
28827,train
28829,train
28830,test
28831,test
28834,train
28835,train
28837,train
28840,train
28843,train
28844,train
28847,train
28848,train
28849,train
28851,train
28852,test
28854,test
28855,train
28856,train
28858,test
28859,train
28860,train
28862,train
28863,train
28864,train
28867,train
28870,train
28872,train
28873,train
28876,train
28877,train
28878,train
28879,train
28880,train
28881,train
28882,test
28884,train
28885,train
28889,train
28891,train
28892,train
28897,train
28899,train
28901,train
28902,train
28905,test
28906,train
28907,test
28910,test
28912,train
28914,train
28915,train
28919,train
28921,train
28923,train
28925,train
28926,train
28927,test
28928,train
28929,train
28930,train
28931,train
28934,train
28937,train
28938,test
28939,train
28942,train
28943,train
28946,train
28949,test
28952,train
28953,train
28954,train
28955,train
28956,train
28957,train
28959,train
28960,train
28962,train
28963,train
28964,test
28966,train
28967,test
28970,train
28971,train
28973,train
28974,train
28975,train
28976,train
28977,train
28980,train
28981,train
28984,train
28986,train
28987,train
28988,train
28989,train
28990,train
28991,train
28993,train
28994,train
28995,train
28996,train
28998,train
29002,train
29006,train
29007,train
29008,test
29009,train
29010,test
29011,train
29012,train
29015,train
29016,test
29017,train
29018,train
29019,train
29021,train
29024,train
29026,train
29027,train
29029,train
29030,train
29031,train
29033,train
29036,train
29038,train
29041,train
29042,train
29043,train
29044,train
29046,train
29047,test
29048,train
29051,train
29060,test
29061,train
29063,test
29064,train
29065,train
29070,train
29071,train
29072,train
29073,train
29075,train
29077,train
29082,train
29083,train
29085,test
29086,train
29087,train
29088,test
29090,train
29092,train
29093,train
29094,test
29096,train
29099,train
29105,test
29108,test
29112,train
29115,test
29116,test
29118,train
29120,train
29122,train
29124,test
29128,train
29130,train
29131,train
29132,train
29133,train
29134,train
29135,test
29138,train
29141,train
29143,test
29144,train
29148,train
29149,train
29151,train
29154,test
29156,train
29160,train
29161,train
29163,train
29164,train
29166,test
29167,train
29171,train
29173,test
29176,test
29178,train
29181,test
29184,train
29189,train
29193,test
29194,train
29195,train
29197,train
29198,train
29200,test
29201,train
29202,test
29203,train
29204,train
29211,train
29212,train
29213,train
29214,test
29216,train
29218,train
29219,train
29221,test
29225,train
29226,test
29228,train
29231,train
29232,train
29233,train
29236,train
29240,test
29241,train
29243,test
29249,train
29250,train
29251,train
29257,train
29258,train
29259,train
29260,train
29269,train
29272,test
29273,train
29277,train
29279,test
29280,train
29281,train
29283,train
29286,test
29289,train
29290,test
29292,train
29299,train
29301,test
29303,train
29307,test
29308,train
29310,train
29312,train
29313,train
29315,test
29318,train
29323,train
29325,test
29327,train
29328,train
29330,train
29332,train
29334,train
29335,train
29336,train
29337,train
29342,train
29343,test
29346,train
29347,test
29348,train
29349,train
29350,test
29351,train
29355,train
29356,train
29357,train
29359,train
29360,test
29362,test
29364,test
29366,train
29367,train
29368,train
29369,train
29373,train
29375,train
29376,train
29377,train
29378,train
29382,train
29387,test
29392,train
29395,train
29396,train
29397,train
29399,train
29402,test
29405,train
29409,test
29411,train
29412,test
29413,train
29414,train
29415,train
29416,train
29419,train
29420,train
29424,train
29425,test
29426,train
29430,test
29431,test
29433,train
29434,test
29435,train
29439,train
29440,train
29441,test
29444,train
29445,test
29447,train
29449,train
29452,train
29454,train
29457,train
29463,train
29465,test
29466,train
29468,train
29469,train
29477,train
29481,train
29483,train
29485,train
29488,train
29490,train
29491,train
29492,train
29493,train
29495,test
29502,train
29505,test
29506,train
29510,train
29514,test
29516,train
29517,train
29521,train
29527,test
29530,train
29531,train
29532,test
29533,train
29535,train
29538,train
29541,train
29542,train
29544,test
29548,train
29550,train
29553,train
29562,train
29563,train
29565,train
29566,train
29568,train
29579,test
29582,train
29584,train
29585,test
29589,train
29591,train
29594,test
29600,test
29603,train
29604,train
29606,train
29608,train
29610,train
29614,train
29619,train
29620,train
29621,train
29623,test
29624,test
29626,train
29631,train
29634,test
29635,test
29637,train
29638,train
29644,train
29646,train
29648,train
29650,train
29653,train
29656,test
29657,test
29658,train
29661,train
29663,test
29665,train
29666,train
29667,train
29670,test
29673,train
29674,train
29675,train
29680,test
29683,train
29684,train
29686,train
29687,test
29690,train
29691,train
29692,test
29693,train
29694,train
29696,train
29697,train
29700,train
29702,train
29704,train
29705,train
29706,train
29708,test
29710,train
29713,train
29715,train
29716,train
29717,test
29718,train
29719,train
29720,test
29723,train
29726,test
29727,train
29728,train
29729,train
29734,train
29739,train
29740,train
29743,test
29746,train
29747,train
29749,train
29750,train
29751,train
29752,train
29757,test
29758,test
29759,test
29760,train
29763,test
29764,train
29765,train
29767,test
29768,train
29769,train
29771,train
29772,test
29774,train
29776,train
29777,train
29779,train
29785,train
29787,train
29788,train
29789,test
29791,train
29793,train
29797,train
29798,train
29799,test
29800,train
29802,train
29807,train
29808,train
29809,train
29810,train
29812,train
29814,train
29815,train
29819,train
29820,train
29821,train
29824,train
29829,train
29830,train
29833,train
29835,train
29837,train
29838,train
29839,train
29840,test
29841,test
29842,test
29844,train
29846,train
29848,train
29850,train
29851,train
29852,train
29853,train
29854,train
29855,train
29856,train
29858,test
29860,test
29862,test
29867,train
29868,train
29869,train
29871,train
29873,train
29874,test
29875,train
29877,train
29878,train
29880,train
29885,test
29886,train
29888,train
29894,train
29900,test
29901,train
29904,train
29906,train
29908,train
29909,train
29911,train
29913,train
29915,train
29920,train
29921,train
29925,test
29927,train
29929,train
29931,train
29932,train
29939,train
29942,test
29948,train
29949,train
29950,train
29954,train
29956,train
29960,train
29965,train
29968,test
29970,test
29973,train
29974,test
29976,train
29977,train
29978,train
29979,train
29981,train
29984,train
29985,train
29986,train
29988,train
29989,train
29990,train
29991,train
29994,train
29995,train
29996,test
29997,train
29998,test
29999,train
30001,train
30002,train
30010,test
30014,train
30015,train
30017,train
30019,train
30021,train
30026,train
30027,train
30030,train
30033,train
30038,test
30042,train
30044,train
30046,train
30047,train
30049,test
30050,test
30051,train
30060,train
30064,train
30065,train
30069,train
30072,train
30073,train
30075,train
30076,train
30078,train
30079,train
30080,train
30082,train
30083,train
30085,train
30086,test
30092,train
30094,train
30095,train
30097,train
30099,train
30103,train
30104,train
30106,train
30107,train
30108,train
30111,test
30113,train
30115,test
30117,train
30118,train
30119,train
30120,train
30122,train
30123,train
30124,test
30126,train
30127,train
30128,test
30129,train
30133,train
30134,train
30135,train
30141,train
30144,test
30145,train
30149,train
30151,train
30153,train
30159,train
30160,train
30161,test
30162,test
30163,train
30165,train
30166,train
30168,test
30171,train
30173,test
30175,test
30178,test
30179,test
30185,train
30186,train
30187,test
30189,train
30192,test
30193,test
30194,train
30195,train
30196,train
30197,train
30198,train
30199,test
30202,train
30208,train
30209,train
30210,train
30215,test
30216,train
30219,train
30220,train
30223,train
30226,train
30227,train
30235,train
30237,train
30240,train
30241,test
30243,train
30244,train
30245,train
30255,train
30256,train
30257,train
30260,train
30263,train
30265,train
30266,train
30268,train
30269,test
30270,train
30272,train
30273,test
30274,test
30275,train
30279,train
30283,test
30289,train
30296,train
30297,train
30302,train
30310,test
30311,test
30312,train
30314,train
30317,train
30318,train
30319,test
30322,test
30324,train
30325,train
30328,train
30332,train
30335,train
30336,train
30341,train
30345,test
30347,train
30349,train
30350,train
30351,train
30352,train
30354,train
30357,train
30360,train
30364,train
30365,test
30366,train
30368,test
30369,train
30370,train
30373,train
30374,train
30375,train
30378,train
30380,train
30383,test
30385,train
30388,train
30389,test
30392,train
30394,train
30395,train
30397,train
30399,test
30400,test
30401,train
30404,train
30405,train
30406,train
30410,train
30415,train
30416,train
30419,train
30420,train
30423,test
30426,train
30427,test
30430,train
30433,test
30434,train
30437,train
30439,train
30440,train
30444,train
30448,train
30450,train
30451,train
30452,train
30454,train
30458,test
30466,test
30467,train
30473,train
30476,train
30478,train
30482,train
30483,test
30487,train
30489,train
30490,train
30493,train
30495,train
30497,test
30498,train
30499,train
30500,train
30502,train
30503,train
30505,train
30506,test
30507,test
30508,train
30509,train
30512,train
30514,train
30515,train
30517,train
30518,test
30519,train
30523,train
30525,train
30527,train
30530,train
30531,test
30537,test
30538,test
30539,train
30540,train
30543,test
30547,train
30548,train
30551,test
30554,train
30555,train
30558,train
30561,train
30562,train
30566,train
30569,test
30570,train
30571,train
30576,test
30579,test
30580,train
30582,train
30586,train
30588,train
30591,train
30592,test
30593,train
30594,train
30595,train
30596,train
30598,train
30602,train
30606,train
30608,train
30610,test
30611,train
30613,train
30614,test
30615,train
30616,train
30617,test
30622,train
30624,train
30631,train
30633,train
30638,train
30642,train
30646,train
30648,train
30650,train
30657,train
30659,test
30660,train
30662,train
30663,train
30664,test
30668,train
30670,test
30674,test
30681,train
30687,test
30688,train
30689,train
30693,train
30694,train
30696,train
30698,train
30699,train
30700,train
30703,train
30704,train
30712,train
30713,train
30714,train
30715,test
30718,train
30719,test
30720,train
30721,test
30725,test
30727,train
30728,train
30729,train
30730,train
30733,train
30734,train
30737,train
30738,train
30739,train
30740,train
30742,train
30743,test
30744,train
30745,train
30747,train
30753,train
30754,train
30755,test
30760,train
30761,train
30770,train
30772,train
30775,train
30780,train
30781,train
30782,train
30783,train
30784,train
30789,train
30795,train
30800,train
30803,train
30808,train
30814,test
30817,train
30821,train
30822,train
30823,train
30827,train
30830,train
30834,test
30835,train
30836,train
30837,test
30838,train
30839,train
30840,train
30841,train
30843,train
30845,train
30847,train
30849,train
30851,test
30855,train
30856,train
30865,train
30870,train
30871,test
30874,test
30875,train
30878,train
30880,train
30881,train
30884,test
30885,test
30888,train
30889,train
30891,train
30892,train
30895,train
30899,train
30905,train
30907,train
30909,train
30911,test
30912,train
30913,train
30918,train
30923,train
30924,train
30932,train
30934,train
30935,test
30936,train
30937,train
30938,train
30939,train
30942,test
30943,train
30945,train
30950,train
30952,train
30953,train
30954,train
30960,train
30963,train
30964,train
30971,train
30972,test
30973,train
30975,train
30979,train
30980,train
30984,train
30988,train
30989,train
30991,train
30992,train
30995,train
30996,train
30997,train
30998,train
31000,test
31004,test
31005,train
31007,test
31009,train
31012,train
31014,train
31016,train
31017,train
31018,train
31019,test
31022,train
31023,train
31024,test
31025,train
31029,train
31030,train
31034,test
31035,train
31036,train
31037,train
31040,train
31041,train
31044,train
31048,train
31049,train
31050,train
31051,test
31053,train
31054,train
31055,train
31058,train
31059,train
31060,train
31061,train
31062,train
31063,train
31065,train
31066,train
31070,train
31071,train
31078,train
31079,train
31081,train
31083,train
31084,test
31087,train
31088,train
31092,train
31093,test
31096,train
31097,train
31103,train
31108,train
31109,train
31110,train
31112,train
31117,train
31118,train
31119,train
31120,train
31121,train
31122,train
31131,train
31132,train
31134,train
31136,test
31138,train
31139,train
31150,test
31151,train
31158,train
31165,train
31166,train
31167,train
31170,train
31172,train
31176,train
31178,test
31185,train
31188,test
31191,train
31192,test
31202,train
31205,train
31208,train
31209,train
31212,train
31213,train
31214,train
31217,train
31219,train
31223,train
31224,train
31226,train
31228,train
31230,train
31233,train
31235,train
31236,train
31237,train
31239,train
31240,train
31242,train
31243,train
31246,train
31249,train
31251,train
31254,train
31255,train
31256,train
31258,train
31259,test
31263,train
31267,train
31268,train
31270,train
31273,train
31274,train
31275,test
31277,test
31280,train
31281,train
31283,train
31285,train
31287,train
31291,train
31295,train
31299,train
31303,train
31304,train
31306,train
31308,train
31310,train
31314,train
31318,train
31322,train
31325,train
31326,train
31327,test
31328,test
31329,train
31331,train
31340,test
31342,train
31343,train
31344,test
31347,train
31349,test
31352,train
31356,test
31365,train
31366,train
31367,test
31368,train
31374,train
31375,train
31378,train
31379,train
31381,train
31382,test
31385,train
31387,train
31390,train
31393,train
31394,train
31399,train
31400,train
31401,train
31402,train
31404,train
31406,train
31408,test
31409,train
31411,train
31412,train
31413,train
31414,train
31416,train
31420,test
31421,train
31423,train
31424,test
31426,train
31430,test
31432,train
31434,train
31436,test
31438,train
31440,test
31445,train
31446,train
31447,test
31448,test
31451,test
31453,train
31454,train
31458,train
31461,train
31464,train
31465,train
31471,train
31472,train
31473,train
31475,test
31477,train
31479,train
31481,test
31488,train
31489,train
31491,train
31492,test
31493,train
31496,test
31497,train
31502,train
31504,train
31506,train
31512,train
31515,train
31517,test
31520,train
31522,train
31526,train
31527,train
31530,test
31531,train
31533,train
31534,train
31535,train
31538,train
31539,test
31543,test
31544,train
31545,train
31551,test
31552,train
31556,train
31558,train
31559,train
31560,train
31562,train
31563,train
31566,train
31567,train
31569,test
31570,train
31574,train
31576,train
31578,train
31583,train
31587,train
31589,train
31590,test
31592,train
31595,train
31596,test
31598,train
31599,train
31600,train
31601,train
31602,train
31603,train
31609,train
31611,train
31612,test
31613,train
31614,train
31615,train
31616,train
31621,train
31622,train
31624,train
31626,test
31627,train
31628,train
31630,train
31631,train
31633,train
31634,train
31636,train
31639,train
31640,train
31641,train
31642,train
31643,train
31644,train
31648,train
31653,test
31655,train
31657,test
31658,test
31665,train
31668,train
31673,train
31679,test
31680,train
31683,train
31684,test
31687,train
31688,train
31689,test
31692,test
31694,train
31695,train
31704,train
31710,test
31711,train
31712,test
31715,train
31716,test
31718,test
31719,train
31722,train
31728,train
31730,train
31731,train
31733,test
31736,train
31737,test
31738,train
31739,train
31740,train
31743,test
31745,train
31746,train
31748,train
31754,train
31755,train
31758,train
31759,train
31763,train
31765,train
31768,test
31769,train
31774,train
31776,train
31780,train
31782,train
31788,test
31789,train
31791,train
31796,train
31798,test
31799,train
31800,train
31802,train
31804,train
31807,train
31811,train
31812,train
31813,train
31814,test
31815,train
31816,train
31823,train
31824,train
31833,train
31835,train
31836,train
31839,train
31840,train
31841,train
31842,train
31843,test
31844,train
31846,train
31847,test
31848,train
31851,train
31852,train
31854,train
31855,test
31856,train
31857,train
31858,train
31860,train
31863,train
31864,train
31865,train
31867,train
31868,train
31869,train
31870,train
31871,train
31872,test
31875,train
31877,train
31880,test
31881,train
31882,train
31883,train
31886,train
31887,train
31888,train
31891,train
31892,train
31893,train
31894,train
31896,train
31898,train
31902,train
31903,train
31904,train
31907,train
31910,train
31913,train
31914,train
31915,train
31916,train
31922,test
31923,train
31925,train
31927,train
31928,train
31932,train
31934,train
31935,test
31937,train
31938,train
31943,test
31944,train
31948,train
31949,train
31951,train
31953,train
31954,train
31956,train
31958,test
31959,train
31963,train
31968,train
31973,test
31975,train
31978,train
31979,train
31981,train
31983,train
31984,train
31986,train
31987,train
31988,train
31989,train
31991,train
31994,test
31995,train
31997,train
32003,train
32005,test
32011,train
32012,test
32020,train
32023,test
32033,train
32034,train
32035,train
32037,train
32038,train
32042,train
32043,train
32044,train
32045,test
32055,train
32057,train
32061,train
32062,train
32063,train
32064,train
32068,train
32070,test
32073,train
32077,test
32078,train
32079,train
32080,train
32081,train
32083,train
32085,test
32087,train
32090,train
32092,test
32093,train
32094,train
32097,train
32102,train
32104,train
32106,train
32110,train
32112,train
32114,train
32115,train
32116,train
32120,train
32124,train
32134,test
32135,train
32141,train
32143,train
32144,train
32145,train
32148,train
32149,test
32150,train
32153,train
32155,train
32157,train
32158,train
32163,train
32164,train
32166,train
32171,train
32176,train
32177,train
32181,test
32183,train
32190,train
32193,test
32195,train
32199,train
32200,train
32201,train
32205,train
32208,train
32213,test
32220,train
32228,train
32231,train
32233,train
32237,train
32239,train
32241,train
32242,train
32245,train
32247,test
32249,train
32254,train
32255,test
32258,train
32260,train
32261,train
32265,train
32266,train
32271,train
32272,train
32276,train
32286,train
32290,train
32291,train
32297,train
32298,train
32299,train
32306,train
32309,test
32311,train
32318,train
32319,test
32320,test
32326,train
32327,test
32330,train
32331,train
32334,test
32336,train
32341,train
32342,train
32351,train
32352,train
32360,train
32361,train
32371,train
32377,test
32378,train
32385,train
32386,train
32387,train
32390,test
32394,train
32398,train
32403,train
32405,train
32409,train
32417,train
32418,train
32420,train
32421,test
32430,train
32431,train
32432,train
32439,train
32441,train
32449,train
32450,train
32453,train
32476,test
32478,train
32486,train
32487,train
32488,train
32494,train
32495,test
32505,train
32508,train
32517,train
32518,train
32521,train
32526,train
32527,train
32543,train
32544,train
32560,train
32561,train
32562,test
32566,train
32569,train
32571,train
32572,train
32574,train
32579,train
32580,test
32583,train
32586,train
32599,train
32600,train
32602,test
32606,train
32607,train
32608,test
32615,test
32620,train
32622,train
32636,train
32639,train
32645,train
32656,train
32658,train
32661,train
32665,train
32666,test
32670,train
32674,train
32676,train
32677,train
32680,train
32683,train
32684,train
32688,train
32690,train
32696,train
32701,train
32710,train
32711,train
32712,train
32713,train
32721,test
32727,train
32734,test
32737,train
32738,train
32740,train
32742,train
32758,train
32762,train
32763,train
32766,train
32767,train
32770,train
32772,train
32774,train
32783,train
32787,train
32791,test
32793,train
32804,test
32805,train
32809,train
32825,train
32832,train
32836,train
32841,train
32856,train
32860,train
32861,train
32864,train
32872,train
32873,train
32875,train
32876,train
32879,test
32881,train
32887,train
32889,test
32895,test
32898,train
32901,test
32902,test
32912,train
32916,train
32917,train
32921,train
32924,test
32925,train
32927,train
32929,train
32931,train
32934,train
32938,train
32940,train
32944,test
32950,train
32951,train
32952,train
32955,train
32956,train
32960,test
32961,train
32968,train
32969,train
32970,test
32973,train
32974,test
32978,train
32981,train
32983,train
32984,train
32985,train
32991,train
32996,train
32997,train
32998,train
33001,train
33004,train
33005,test
33006,test
33007,train
33011,train
33015,train
33016,train
33018,train
33019,train
33030,train
33033,train
33035,train
33036,train
33037,test
33038,test
33043,train
33045,test
33050,train
33051,train
33052,train
33053,train
33055,train
33056,train
33057,train
33058,test
33060,train
33061,train
33067,train
33068,train
33070,train
33073,test
33074,train
33079,train
33080,train
33081,train
33085,train
33086,train
33089,train
33100,train
33103,train
33108,train
33111,train
33113,train
33114,train
33116,train
33126,train
33127,train
33131,train
33132,train
33137,train
33144,train
33145,train
33146,train
33147,train
33149,test
33151,train
33162,train
33173,test
33174,test
33176,train
33188,train
33191,train
33192,test
33194,test
33195,train
33196,train
33198,train
33201,test
33206,test
33207,train
33211,train
33212,train
33214,train
33220,test
33225,train
33230,test
33233,train
33238,test
33243,train
33248,train
33251,train
33254,train
33256,train
33267,train
33271,train
33273,train
33276,train
33283,train
33285,train
33287,train
33288,train
33296,train
33297,test
33299,train
33306,train
33307,train
33315,train
33319,test
33322,train
33330,test
33334,train
33338,train
33341,test
33343,train
33346,train
33351,train
33362,train
33372,train
33375,train
33378,train
33380,train
33387,train
33388,train
33389,test
33391,train
33394,train
33397,train
33402,train
33408,test
33409,train
33422,train
33426,test
33429,train
33430,test
33433,train
33437,train
33440,test
33442,test
33453,train
33462,train
33467,train
33476,train
33481,train
33483,train
33485,test
33486,test
33487,train
33496,train
33518,train
33519,test
33520,train
33523,train
33524,train
33529,train
33540,train
33542,test
33546,test
33549,train
33564,train
33565,train
33567,test
33580,train
33585,test
33586,train
33591,test
33594,train
33597,train
33600,train
33605,train
33609,test
33616,train
33623,train
33626,train
33630,test
33637,train
33639,train
33640,test
33641,train
33644,train
33663,test
33664,train
33670,train
33671,train
33672,train
33673,train
33676,test
33680,train
33683,train
33687,train
33690,test
33691,train
33692,train
33702,train
33707,train
33713,test
33724,train
33729,train
33732,train
33734,train
33736,train
33740,train
33743,train
33744,train
33745,train
33747,train
33749,train
33750,train
33751,train
33753,train
33761,train
33764,test
33766,train
33770,train
33774,train
33777,test
33780,train
33781,train
33785,train
33791,test
33798,train
33806,train
33807,test
33808,train
33815,train
33817,train
33819,train
33826,train
33830,train
33833,train
33835,train
33837,train
33841,train
33847,test
33848,train
33856,train
33862,train
33863,train
33864,train
33871,test
33874,train
33881,train
33883,train
33888,train
33891,test
33892,train
33893,train
33895,train
33906,train
33908,train
33909,train
33911,train
33914,train
33916,train
33918,test
33919,test
33921,test
33923,train
33924,test
33927,train
33928,train
33931,train
33932,test
33933,train
33936,train
33938,train
33940,test
33945,test
33948,train
33955,test
33958,train
33961,train
33962,test
33966,train
33972,train
33976,test
33983,test
33990,train
33992,train
33993,train
33997,train
34000,train
34001,train
34007,train
34008,train
34010,train
34011,train
34014,train
34015,train
34017,test
34020,train
34022,train
34026,train
34028,train
34032,train
34035,test
34041,train
34046,train
34048,train
34049,test
34050,train
34052,train
34055,train
34058,test
34060,train
34062,train
34063,train
34064,train
34065,train
34066,test
34073,test
34077,train
34079,train
34080,test
34082,train
34084,test
34090,train
34092,train
34093,train
34097,test
34098,test
34100,train
34102,train
34103,test
34105,train
34106,train
34107,train
34110,train
34114,train
34115,train
34119,train
34120,test
34122,train
34123,train
34124,train
34125,train
34126,train
34127,train
34128,train
34133,train
34136,train
34138,train
34139,train
34141,train
34142,train
34143,train
34146,train
34152,train
34153,train
34155,train
34156,test
34158,train
34162,train
34166,train
34167,train
34168,train
34176,train
34178,train
34182,test
34187,train
34188,train
34196,test
34203,train
34204,train
34206,train
34209,train
34211,train
34213,train
34214,train
34216,train
34218,train
34219,test
34220,train
34223,train
34224,train
34227,test
34230,train
34232,train
34237,test
34238,test
34239,train
34241,train
34242,train
34246,test
34248,train
34253,train
34254,train
34256,train
34258,test
34260,test
34261,train
34263,train
34265,train
34267,train
34271,train
34277,test
34278,train
34280,train
34281,train
34282,train
34284,train
34285,test
34286,test
34288,train
34291,train
34293,train
34296,train
34298,test
34300,train
34301,test
34306,train
34307,train
34308,train
34313,test
34315,train
34317,train
34318,train
34319,train
34320,test
34325,train
34326,train
34328,test
34329,train
34336,test
34339,train
34341,train
34342,test
34343,test
34344,train
34346,train
34348,train
34351,train
34354,test
34359,train
34363,train
34364,train
34365,test
34366,train
34368,train
34369,train
34374,train
34375,train
34376,test
34377,train
34379,test
34383,train
34385,train
34386,train
34389,train
34394,train
34395,test
34400,train
34402,train
34405,train
34407,train
34412,train
34414,train
34420,train
34421,train
34423,train
34424,train
34427,train
34429,train
34432,train
34436,train
34437,test
34439,train
34440,train
34444,train
34446,train
34447,train
34448,train
34449,train
34450,train
34453,train
34454,train
34455,train
34459,train
34461,train
34463,train
34465,train
34469,train
34470,test
34472,train
34474,test
34483,train
34485,train
34488,train
34492,train
34494,train
34496,train
34497,train
34498,train
34502,train
34503,train
34504,train
34507,test
34510,train
34511,test
34512,train
34516,train
34520,train
34521,train
34527,train
34528,test
34530,test
34532,train
34534,train
34536,train
34544,test
34545,train
34546,test
34547,train
34549,train
34550,train
34551,train
34552,train
34553,train
34556,test
34558,train
34559,train
34560,test
34562,train
34563,train
34564,train
34565,train
34568,train
34570,test
34571,train
34572,train
34577,train
34580,train
34583,test
34584,train
34588,test
34600,train
34601,test
34602,train
34604,test
34605,test
34607,test
34610,test
34612,train
34621,test
34622,test
34630,train
34631,train
34632,train
34633,test
34635,train
34636,train
34643,train
34645,train
34648,train
34653,train
34654,train
34657,test
34659,train
34660,train
34661,train
34662,test
34668,train
34671,train
34674,train
34675,train
34676,train
34682,train
34684,train
34685,test
34688,train
34689,train
34690,train
34695,train
34696,train
34698,train
34699,train
34701,train
34705,train
34710,train
34711,train
34715,train
34716,test
34718,train
34719,train
34720,test
34721,train
34722,train
34723,train
34724,test
34725,train
34726,train
34727,train
34729,train
34730,test
34733,train
34735,train
34737,train
34742,train
34743,train
34746,test
34748,test
34749,train
34750,train
34751,train
34753,train
34755,train
34756,train
34757,train
34758,train
34760,train
34761,train
34762,train
34763,test
34767,train
34768,test
34769,train
34770,train
34771,train
34772,train
34773,train
34775,test
34776,train
34779,train
34781,train
34785,train
34786,train
34789,train
34791,test
34795,train
34796,test
34799,train
34802,train
34803,train
34804,test
34805,train
34806,test
34807,train
34808,train
34809,test
34811,train
34814,train
34815,train
34817,train
34821,train
34822,train
34824,train
34825,train
34826,test
34828,train
34829,test
34830,train
34831,train
34832,train
34834,train
34839,train
34840,train
34841,train
34842,test
34843,train
34845,train
34847,train
34848,test
34849,train
34850,train
34851,train
34852,train
34853,train
34854,train
34855,train
34856,train
34857,train
34858,test
34859,train
34862,test
34864,train
34865,train
34866,train
34870,train
34871,train
34873,test
34874,train
34875,train
34877,train
34884,test
34885,train
34886,test
34887,test
34888,test
34890,test
34893,train
34895,train
34896,train
34898,train
34902,train
34908,train
34909,train
34910,test
34911,train
34912,test
34914,train
34917,train
34918,train
34919,test
34921,test
34922,test
34923,train
34928,train
34929,train
34930,train
34931,test
34933,train
34934,train
34935,train
34936,train
34937,train
34939,train
34940,train
34941,test
34942,train
34945,test
34946,train
34947,train
34948,test
34949,train
34950,train
34952,train
34953,test
34954,train
34957,train
34960,test
34964,train
34965,train
34966,train
34968,test
34969,train
34973,train
34974,train
34975,train
34976,train
34979,train
34981,test
34982,test
34983,train
34984,train
34987,train
34988,train
34989,train
34990,train
34991,train
34992,train
34993,train
34994,train
34995,train
34996,train
34998,test
35000,train
35002,train
35003,train
35004,train
35005,train
35006,train
35007,test
35008,train
35009,train
35012,train
35014,train
35015,train
35016,test
35017,train
35018,test
35020,train
35021,train
35023,test
35025,train
35028,train
35029,train
35031,test
35032,train
35033,train
35034,train
35035,test
35036,train
35037,train
35038,train
35039,train
35041,test
35042,train
35043,train
35044,train
35045,train
35047,train
35048,train
35050,train
35053,test
35054,test
35055,train
35056,test
35058,train
35059,train
35061,test
35066,train
35070,train
35071,train
35072,test
35075,train
35076,test
35077,train
35078,train
35080,test
35081,train
35082,train
35086,train
35087,test
35088,train
35091,train
35092,train
35093,train
35095,train
35096,train
35101,test
35102,train
35103,train
35104,train
35105,train
35106,train
35108,train
35110,train
35111,train
35114,test
35115,train
35117,test
35120,train
35121,train
35125,train
35126,train
35127,train
35128,train
35132,train
35133,train
35134,train
35135,train
35137,train
35138,train
35139,train
35140,train
35144,train
35145,train
35146,train
35147,train
35150,train
35152,test
35154,test
35158,train
35159,train
35160,train
35162,train
35163,test
35165,train
35166,test
35168,train
35170,train
35171,train
35173,train
35175,train
35176,train
35179,train
35181,train
35184,train
35185,train
35186,train
35188,test
35194,train
35195,test
35196,train
35197,train
35198,train
35199,train
35200,train
35201,train
35203,train
35204,train
35205,train
35207,train
35208,train
35209,test
35210,train
35212,train
35213,train
35216,train
35217,test
35220,train
35222,train
35225,train
35229,train
35233,train
35234,train
35235,train
35236,train
35238,train
35241,train
35242,train
35245,train
35246,train
35247,train
35250,test
35252,train
35253,train
35254,train
35255,test
35257,test
35258,train
35259,test
35260,train
35261,train
35267,train
35268,train
35269,train
35271,train
35272,train
35273,train
35274,train
35275,test
35278,train
35283,train
35284,test
35285,train
35286,train
35293,train
35296,train
35297,train
35298,test
35301,train
35302,train
35303,train
35304,train
35306,train
35307,train
35308,test
35309,train
35310,train
35311,train
35312,train
35313,train
35314,test
35315,train
35317,train
35319,test
35320,train
35326,train
35327,train
35334,train
35335,train
35338,train
35340,train
35346,train
35349,train
35350,test
35351,train
35352,test
35353,train
35355,train
35356,train
35357,train
35358,train
35359,train
35360,test
35361,train
35363,train
35364,train
35366,test
35370,train
35371,train
35372,train
35377,train
35378,train
35382,train
35385,train
35387,train
35388,train
35391,test
35394,train
35396,train
35398,train
35399,train
35401,train
35407,train
35408,train
35409,train
35411,train
35414,train
35415,test
35420,train
35424,train
35425,train
35427,test
35431,train
35433,train
35435,train
35437,train
35438,test
35439,train
35440,train
35441,test
35446,train
35448,train
35450,train
35453,train
35454,test
35462,train
35464,train
35465,test
35466,test
35473,train
35476,train
35477,train
35481,train
35484,test
35485,test
35486,train
35487,train
35488,train
35489,train
35493,train
35495,test
35498,train
35500,train
35501,train
35502,train
35503,test
35506,train
35508,train
35509,train
35511,train
35512,train
35515,train
35519,train
35520,test
35524,train
35526,train
35528,train
35529,train
35530,train
35531,train
35532,train
35535,train
35538,train
35539,train
35542,train
35543,train
35547,train
35549,train
35552,train
35553,train
35554,train
35555,train
35558,train
35559,train
35561,train
35563,test
35564,train
35565,train
35566,train
35567,train
35569,train
35571,test
35572,train
35577,test
35578,train
35579,train
35580,train
35582,train
35585,train
35586,train
35590,train
35592,train
35594,test
35595,train
35596,train
35600,train
35601,train
35603,train
35604,train
35606,test
35610,train
35612,train
35613,test
35615,test
35618,train
35619,train
35620,train
35625,train
35626,test
35627,train
35628,train
35630,train
35631,test
35636,train
35637,train
35640,train
35641,test
35643,train
35646,train
35648,train
35649,train
35652,train
35653,train
35654,train
35656,train
35658,train
35661,train
35666,train
35667,train
35668,train
35669,train
35671,train
35676,train
35677,train
35679,train
35680,train
35681,train
35682,train
35683,train
35684,test
35685,train
35687,train
35689,train
35690,train
35696,train
35699,train
35701,train
35702,train
35704,train
35705,train
35706,train
35707,train
35711,train
35712,train
35713,train
35716,test
35717,train
35719,train
35721,train
35723,train
35725,train
35727,train
35729,train
35730,train
35731,train
35732,train
35733,train
35734,test
35736,train
35737,train
35739,train
35742,test
35744,train
35745,train
35747,train
35750,train
35751,train
35756,train
35757,test
35758,test
35759,train
35760,test
35762,train
35764,train
35766,train
35769,train
35771,train
35773,train
35776,test
35778,train
35779,train
35781,train
35783,train
35785,test
35786,train
35787,train
35788,train
35790,train
35792,train
35793,train
35794,test
35797,test
35798,train
35800,train
35801,test
35804,train
35805,train
35806,test
35807,train
35809,train
35811,train
35817,train
35820,train
35821,test
35823,train
35824,train
35825,train
35828,train
35832,train
35833,train
35834,train
35835,train
35837,test
35838,train
35839,test
35841,test
35843,train
35844,train
35846,train
35847,train
35849,train
35850,train
35851,train
35852,train
35853,train
35854,train
35855,train
35857,train
35858,train
35859,train
35861,train
35862,train
35867,test
35868,test
35870,train
35871,train
35872,train
35873,test
35874,train
35876,train
35877,train
35879,train
35880,test
35881,test
35883,train
35884,train
35885,test
35886,test
35887,train
35888,train
35889,train
35890,train
35891,train
35894,train
35895,train
35897,train
35898,train
35900,test
35901,train
35902,train
35903,test
35904,train
35905,test
35907,train
35908,test
35910,train
35911,train
35912,test
35913,train
35914,train
35916,train
35917,train
35918,test
35920,train
35921,train
35922,train
35924,train
35925,train
35926,train
35931,test
35933,test
35934,train
35936,train
35937,train
35939,train
35940,train
35941,train
35943,train
35944,test
35948,test
35949,train
35950,test
35951,train
35952,test
35953,train
35955,train
35956,test
35957,train
35959,train
35960,train
35962,train
35963,train
35965,train
35966,train
35968,train
35970,train
35971,train
35973,train
35974,train
35976,train
35977,test
35978,train
35979,train
35980,train
35981,train
35984,test
35986,train
35987,train
35988,train
35989,train
35990,train
35993,test
35994,train
35996,train
35997,train
35998,test
36000,test
36001,train
36002,train
36003,train
36005,test
36006,test
36009,train
36010,train
36011,train
36012,train
36013,train
36016,train
36020,train
36021,test
36022,train
36023,train
36024,train
36025,train
36028,train
36030,test
36031,test
36034,train
36036,train
36037,train
36041,train
36042,train
36043,train
36044,train
36046,train
36047,train
36048,train
36049,train
36050,train
36051,train
36052,train
36053,test
36054,test
36055,test
36056,train
36057,train
36058,train
36062,train
36063,train
36065,test
36069,test
36071,train
36075,train
36076,test
36077,train
36078,train
36079,train
36080,train
36082,train
36083,train
36087,test
36088,test
36092,train
36094,train
36097,test
36100,train
36101,train
36102,test
36103,test
36105,train
36109,train
36111,train
36112,train
36113,train
36114,train
36116,test
36117,train
36118,train
36119,train
36120,test
36122,train
36124,test
36129,train
36131,train
36132,test
36133,train
36134,train
36137,test
36138,train
36141,test
36142,test
36144,train
36145,test
36147,train
36148,test
36154,test
36156,test
36158,train
36161,train
36162,train
36163,train
36165,test
36166,test
36169,train
36170,train
36171,test
36174,train
36175,train
36176,train
36178,train
36180,train
36185,train
36186,train
36188,test
36192,test
36193,train
36197,test
36200,train
36201,train
36204,train
36207,train
36208,test
36209,train
36210,test
36212,train
36213,train
36216,test
36220,train
36222,train
36225,train
36226,train
36229,train
36230,train
36231,train
36232,train
36233,test
36234,train
36237,train
36238,train
36239,train
36242,train
36243,train
36244,train
36245,train
36247,train
36249,train
36250,train
36252,train
36253,train
36254,train
36258,train
36259,train
36260,train
36264,test
36265,test
36266,train
36268,train
36269,test
36272,test
36274,test
36275,train
36276,train
36277,train
36278,test
36280,train
36281,test
36282,train
36283,train
36287,train
36289,train
36291,test
36294,test
36296,train
36297,train
36300,test
36303,test
36305,train
36306,train
36307,train
36309,train
36315,test
36316,train
36318,train
36319,train
36320,test
36322,test
36323,train
36325,train
36327,train
36328,train
36329,train
36332,test
36333,train
36334,train
36336,train
36337,train
36339,test
36340,train
36341,train
36343,train
36345,train
36353,train
36359,train
36360,train
36362,train
36367,train
36368,train
36370,train
36375,train
36378,test
36380,train
36381,train
36386,train
36387,train
36390,train
36391,train
36392,train
36393,test
36394,test
36396,train
36398,train
36400,train
36402,train
36404,train
36407,train
36409,train
36412,train
36413,test
36415,train
36416,train
36420,train
36427,train
36428,train
36430,train
36432,train
36433,train
36435,train
36438,test
36439,train
36440,train
36441,train
36443,train
36447,train
36449,train
36451,train
36452,train
36454,train
36455,test
36456,train
36457,train
36458,train
36459,test
36460,train
36461,train
36462,test
36463,test
36464,train
36465,test
36466,train
36467,test
36470,train
36472,train
36473,train
36475,train
36477,test
36478,train
36479,train
36480,train
36482,train
36483,test
36485,train
36487,train
36489,train
36491,train
36492,train
36496,train
36499,train
36500,train
36501,train
36502,train
36504,train
36506,train
36507,train
36510,train
36511,train
36512,train
36513,train
36515,train
36516,train
36517,test
36518,train
36520,train
36522,train
36523,train
36524,test
36525,train
36526,train
36530,train
36531,test
36533,train
36534,train
36536,test
36537,train
36539,test
36540,train
36545,test
36546,train
36547,train
36548,train
36552,test
36554,train
36556,train
36558,train
36561,test
36563,train
36565,train
36566,train
36568,train
36569,train
36570,test
36571,test
36572,test
36573,train
36575,train
36576,train
36577,train
36579,test
36582,train
36584,train
36585,train
36587,test
36588,train
36590,train
36591,train
36592,test
36593,train
36594,test
36596,train
36598,train
36599,train
36600,train
36601,train
36603,train
36606,train
36607,train
36609,train
36611,test
36612,test
36614,train
36618,train
36622,train
36624,train
36629,train
36632,train
36635,train
36639,train
36642,train
36644,train
36646,train
36648,train
36649,test
36651,train
36652,train
36653,train
36656,train
36657,test
36658,train
36660,train
36661,train
36668,train
36669,test
36670,train
36672,train
36673,train
36674,train
36677,train
36678,train
36680,test
36681,train
36682,train
36683,train
36684,train
36687,train
36689,train
36690,test
36691,train
36693,test
36695,test
36698,test
36699,train
36701,train
36703,train
36704,train
36706,test
36714,train
36715,train
36717,train
36718,train
36721,train
36725,train
36726,train
36727,train
36728,train
36729,train
36730,test
36734,train
36738,test
36741,train
36743,train
36744,train
36745,train
36748,train
36749,train
36750,test
36752,train
36754,test
36755,test
36756,test
36763,train
36764,train
36766,test
36768,train
36774,train
36777,train
36780,train
36782,train
36785,train
36786,train
36788,train
36789,train
36790,train
36794,train
36798,train
36799,test
36802,test
36808,train
36810,test
36812,train
36813,test
36819,train
36821,train
36822,train
36824,train
36826,train
36827,train
36828,train
36829,train
36834,train
36835,train
36836,train
36837,train
36839,train
36841,test
36843,test
36847,train
36849,train
36850,train
36851,train
36852,train
36857,train
36859,test
36860,test
36862,test
36863,train
36864,train
36866,train
36868,train
36869,train
36870,train
36872,train
36873,train
36876,train
36878,train
36882,train
36883,train
36884,test
36886,train
36889,train
36893,test
36895,train
36898,train
36901,test
36904,train
36908,train
36909,train
36911,train
36912,train
36915,test
36916,train
36917,test
36920,train
36921,test
36922,train
36923,train
36924,test
36926,train
36929,train
36932,train
36934,train
36935,train
36937,test
36938,train
36939,train
36941,train
36942,train
36943,train
36945,train
36947,train
36950,train
36951,test
36953,train
36954,train
36955,train
36958,train
36959,train
36960,train
36961,test
36964,train
36968,train
36970,train
36972,train
36975,train
36977,train
36981,train
36984,test
36985,train
36986,test
36988,train
36990,train
36991,test
36994,train
36996,train
36997,train
36998,train
37002,test
37003,train
37004,train
37006,train
37007,test
37009,train
37010,test
37011,train
37012,train
37013,train
37014,train
37015,train
37016,train
37017,test
37022,train
37023,train
37027,train
37028,train
37029,train
37031,test
37032,test
37033,train
37036,train
37037,train
37040,train
37042,train
37044,test
37045,train
37046,train
37047,test
37048,train
37051,train
37052,test
37053,train
37054,train
37055,train
37056,test
37057,test
37059,test
37060,train
37061,train
37062,train
37063,train
37065,train
37068,train
37069,train
37070,train
37071,test
37072,train
37073,train
37074,train
37075,train
37076,train
37077,train
37079,test
37082,train
37084,test
37087,test
37089,train
37090,train
37091,train
37094,train
37095,test
37096,train
37097,train
37098,test
37099,train
37100,train
37101,test
37102,train
37103,train
37104,test
37105,test
37106,train
37108,test
37111,train
37112,train
37113,train
37115,train
37117,train
37118,train
37120,train
37121,train
37122,test
37123,train
37126,train
37127,train
37129,train
37131,train
37132,train
37134,train
37135,test
37136,test
37137,train
37139,test
37140,train
37141,train
37144,train
37145,train
37146,train
37149,train
37150,train
37152,train
37153,train
37154,train
37156,train
37157,train
37160,train
37161,train
37162,train
37165,test
37170,test
37172,train
37173,train
37175,train
37176,train
37179,train
37180,train
37181,test
37182,train
37183,train
37184,train
37185,test
37186,train
37187,train
37189,test
37190,test
37191,train
37192,train
37194,train
37196,train
37198,train
37201,train
37204,train
37205,train
37206,train
37210,train
37211,train
37216,train
37219,train
37221,train
37222,train
37223,train
37224,train
37225,train
37228,train
37229,test
37230,train
37232,test
37237,train
37238,train
37241,train
37247,test
37248,train
37250,train
37251,test
37253,train
37254,train
37256,train
37258,train
37259,train
37260,train
37262,train
37266,test
37268,train
37269,test
37270,train
37271,train
37272,test
37274,train
37276,train
37277,train
37278,train
37281,train
37285,train
37287,train
37289,train
37291,test
37292,train
37293,train
37296,train
37297,train
37299,train
37302,train
37304,test
37305,test
37306,train
37307,test
37309,train
37311,train
37312,test
37313,train
37315,train
37317,test
37318,train
37321,train
37323,train
37324,train
37325,test
37326,train
37327,train
37328,test
37330,train
37334,train
37335,train
37336,train
37338,train
37339,train
37341,train
37342,train
37343,test
37348,train
37349,train
37350,train
37351,train
37352,train
37353,train
37354,test
37357,train
37359,test
37360,train
37363,train
37364,train
37366,train
37367,train
37368,test
37369,test
37370,test
37371,train
37372,train
37373,train
37374,train
37375,test
37376,train
37377,train
37379,train
37381,train
37382,train
37384,train
37385,train
37386,train
37388,train
37389,test
37390,train
37395,train
37396,train
37397,train
37399,train
37400,test
37401,train
37403,train
37404,train
37405,test
37406,test
37407,train
37408,train
37411,train
37413,train
37414,train
37416,train
37417,train
37418,train
37421,train
37422,train
37423,train
37425,train
37427,train
37428,train
37429,train
37433,train
37435,train
37438,train
37439,train
37441,test
37442,train
37445,train
37451,train
37452,train
37453,train
37460,train
37461,train
37463,train
37464,train
37465,train
37466,train
37468,train
37470,train
37473,test
37474,train
37477,test
37478,train
37479,train
37480,train
37481,train
37482,train
37483,test
37486,train
37489,train
37491,test
37492,train
37497,train
37498,test
37500,train
37502,train
37503,test
37505,train
37507,train
37508,train
37509,train
37511,train
37512,test
37513,train
37515,test
37518,test
37520,train
37525,train
37526,train
37529,train
37530,test
37531,train
37532,train
37533,test
37535,train
37539,train
37540,train
37542,train
37543,train
37544,test
37546,train
37547,train
37549,train
37550,train
37552,train
37553,train
37555,test
37556,train
37558,test
37559,train
37564,train
37565,train
37566,train
37567,train
37568,train
37569,train
37570,train
37571,train
37575,test
37576,test
37577,train
37579,train
37581,test
37582,train
37583,train
37586,test
37587,test
37590,train
37591,train
37592,train
37596,train
37597,train
37600,train
37602,test
37603,train
37604,train
37605,test
37606,train
37608,train
37610,train
37611,train
37613,train
37617,test
37619,train
37621,train
37622,train
37624,train
37625,train
37627,train
37629,test
37632,train
37634,train
37635,test
37636,train
37637,train
37639,train
37640,test
37641,train
37643,train
37648,train
37649,test
37650,train
37653,train
37654,train
37655,train
37657,train
37658,test
37662,test
37663,train
37665,train
37669,test
37670,train
37671,train
37677,test
37678,train
37681,train
37682,train
37683,train
37684,train
37685,train
37686,train
37688,test
37689,test
37690,train
37694,train
37699,train
37704,test
37709,train
37710,train
37711,train
37712,train
37713,train
37715,train
37716,train
37720,train
37721,train
37725,train
37726,train
37728,test
37729,train
37730,train
37731,train
37736,train
37737,test
37738,train
37741,train
37742,train
37746,train
37748,train
37750,test
37751,test
37754,train
37757,train
37760,train
37763,train
37764,train
37767,test
37768,train
37770,train
37772,train
37774,train
37779,train
37780,train
37783,test
37785,train
37787,train
37791,train
37793,train
37795,train
37797,train
37798,train
37800,test
37802,train
37804,test
37806,test
37808,train
37809,test
37814,train
37815,train
37816,train
37817,train
37818,train
37822,test
37825,test
37830,train
37831,train
37832,test
37833,train
37836,train
37839,train
37840,train
37844,train
37845,train
37851,test
37857,train
37860,train
37863,train
37864,train
37869,train
37872,train
37873,train
37877,train
37878,test
37879,train
37880,test
37882,train
37886,train
37887,train
37892,train
37893,train
37895,train
37897,train
37898,train
37899,train
37903,train
37904,train
37909,train
37912,train
37913,train
37914,train
37915,train
37919,train
37921,train
37922,train
37925,train
37929,train
37930,train
37931,train
37934,train
37935,train
37936,test
37940,train
37941,train
37943,test
37948,train
37949,train
37950,train
37958,train
37959,test
37961,test
37963,test
37965,train
37968,train
37969,train
37970,train
37971,test
37973,train
37974,train
37977,train
37980,train
37982,test
37983,train
37986,train
37989,test
37992,train
37993,train
37995,train
37996,train
37998,train
38000,train
38001,train
38004,train
38005,train
38006,train
38012,train
38014,test
38015,train
38016,train
38021,train
38025,train
38026,test
38029,train
38034,test
38035,train
38036,train
38037,train
38040,test
38041,test
38043,train
38044,train
38045,train
38047,train
38048,train
38049,train
38052,test
38059,test
38065,test
38066,train
38068,train
38069,train
38076,train
38077,test
38082,train
38085,train
38086,train
38087,test
38088,train
38090,train
38091,train
38092,train
38093,train
38094,train
38099,train
38102,test
38104,train
38105,train
38107,train
38108,train
38110,train
38112,train
38113,train
38116,train
38117,train
38121,train
38126,train
38127,test
38132,train
38133,test
38134,test
38135,test
38139,train
38140,train
38148,train
38153,train
38154,train
38156,train
38158,test
38159,test
38161,test
38163,test
38165,test
38169,train
38170,train
38173,test
38174,train
38176,train
38178,train
38179,train
38181,train
38183,train
38187,test
38188,train
38189,train
38190,train
38192,train
38193,train
38194,train
38195,train
38196,train
38198,train
38199,train
38200,train
38201,train
38202,test
38208,train
38209,train
38211,test
38215,train
38218,train
38219,train
38222,train
38226,train
38229,train
38231,test
38232,train
38233,train
38234,test
38237,test
38240,train
38244,train
38245,train
38247,train
38248,test
38249,train
38251,train
38252,train
38253,train
38258,train
38259,train
38262,train
38263,train
38264,train
38265,train
38266,test
38269,test
38270,test
38271,train
38273,train
38274,train
38276,train
38278,test
38283,train
38284,train
38287,test
38290,train
38293,train
38294,train
38295,train
38296,train
38299,test
38300,test
38304,train
38307,test
38309,train
38316,test
38319,train
38321,train
38322,test
38323,train
38325,train
38326,train
38327,train
38332,train
38334,train
38335,train
38336,train
38337,train
38340,train
38342,train
38343,test
38344,train
38353,train
38357,test
38358,train
38359,train
38360,train
38363,train
38365,train
38366,train
38368,train
38370,train
38371,train
38372,train
38373,train
38374,train
38378,train
38380,train
38381,train
38382,train
38383,train
38386,train
38387,train
38388,train
38390,train
38394,train
38395,train
38396,train
38400,train
38401,train
38402,test
38406,train
38410,train
38411,train
38412,train
38414,train
38415,train
38416,train
38418,test
38421,test
38429,test
38430,train
38431,train
38435,test
38438,train
38440,test
38449,train
38456,train
38457,train
38459,train
38462,train
38463,train
38466,test
38468,train
38471,test
38473,train
38475,train
38476,test
38481,test
38482,test
38486,train
38489,train
38493,train
38495,train
38496,train
38499,train
38501,train
38503,train
38505,test
38507,train
38515,train
38516,train
38518,test
38519,train
38521,train
38524,train
38528,train
38529,test
38533,train
38539,train
38547,train
38549,train
38555,train
38557,test
38561,test
38571,train
38573,train
38579,train
38582,test
38584,test
38590,train
38591,test
38594,train
38595,train
38603,test
38604,train
38607,train
38609,train
38610,train
38611,train
38613,train
38619,test
38621,train
38628,train
38638,train
38640,test
38642,train
38644,train
38645,train
38647,train
38655,train
38659,train
38662,train
38665,train
38667,train
38672,train
38673,train
38677,train
38679,test
38684,train
38687,train
38689,train
38691,test
38693,train
38695,train
38700,train
38701,train
38703,test
38712,train
38717,train
38720,test
38721,train
38722,train
38723,train
38725,train
38735,train
38736,train
38741,train
38750,train
38755,test
38762,train
38763,train
38764,train
38766,train
38767,train
38769,train
38770,train
38772,train
38776,test
38777,train
38782,test
38784,train
38785,train
38786,train
38787,train
38788,train
38791,train
38794,train
38795,test
38796,test
38797,train
38800,train
38802,train
38804,train
38805,test
38807,train
38808,test
38809,train
38812,train
38821,train
38823,test
38826,train
38834,train
38836,train
38839,test
38841,train
38843,train
38850,train
38857,test
38860,train
38861,train
38863,train
38864,train
38865,train
38866,train
38867,train
38869,train
38870,train
38871,train
38873,train
38880,test
38885,train
38886,train
38887,train
38889,train
38898,train
38903,train
38905,train
38909,train
38910,train
38912,train
38914,train
38915,test
38918,train
38920,train
38921,train
38924,test
38925,train
38931,test
38934,test
38939,train
38941,test
38942,train
38945,train
38947,train
38948,train
38954,train
38956,train
38963,train
38964,train
38965,train
38968,train
38971,train
38973,train
38974,train
38983,train
38986,train
38988,train
38990,train
38993,train
38994,train
38995,train
38998,train
38999,train
39003,train
39004,test
39006,train
39008,test
39009,train
39012,train
39018,test
39021,test
39023,train
39024,train
39025,train
39026,train
39027,test
39031,train
39033,train
39035,train
39039,train
39041,train
39043,train
39044,train
39049,train
39050,train
39053,train
39064,train
39065,train
39068,train
39070,train
39073,train
39075,train
39076,train
39077,train
39078,train
39079,train
39080,train
39081,train
39083,train
39086,train
39088,train
39089,train
39092,test
39093,train
39096,train
39098,train
39099,test
39102,train
39105,train
39110,test
39111,train
39113,test
39114,train
39117,train
39119,test
39120,train
39122,train
39129,test
39131,train
39132,train
39133,test
39135,train
39136,train
39137,train
39138,test
39140,test
39145,train
39147,train
39148,train
39150,train
39153,train
39155,test
39157,train
39158,train
39159,train
39160,train
39162,train
39169,train
39174,train
39175,train
39180,train
39182,test
39187,train
39188,train
39193,test
39195,train
39197,train
39198,train
39200,train
39201,train
39204,train
39205,train
39208,train
39209,train
39214,test
39215,train
39216,test
39218,train
39219,test
39221,train
39224,train
39225,train
39226,train
39227,train
39229,train
39230,train
39231,test
39234,train
39235,train
39241,train
39242,train
39243,test
39244,train
39246,train
39248,test
39250,train
39255,train
39260,test
39264,train
39265,train
39266,train
39268,train
39269,train
39270,test
39272,train
39277,train
39278,train
39279,train
39283,train
39286,train
39288,train
39289,train
39290,train
39292,train
39296,train
39299,train
39300,train
39301,train
39303,train
39304,train
39312,train
39314,train
39319,train
39320,test
39322,train
39324,train
39327,train
39328,train
39330,train
39332,train
39339,train
39340,train
39341,train
39353,train
39354,train
39356,train
39359,train
39364,train
39365,test
39373,train
39375,train
39376,train
39378,train
39380,train
39381,train
39383,train
39386,train
39390,train
39391,train
39395,train
39398,train
39400,train
39408,train
39409,test
39411,train
39412,test
39413,train
39420,train
39423,train
39424,train
39427,train
39431,test
39432,train
39433,train
39435,train
39436,train
39438,train
39442,train
39446,train
39447,train
39453,train
39455,train
39456,train
39457,train
39458,train
39462,test
39463,train
39465,train
39466,train
39467,train
39468,train
39470,train
39474,train
39477,train
39479,train
39481,train
39483,train
39484,train
39487,test
39489,train
39492,train
39495,train
39498,train
39500,test
39504,train
39509,train
39512,test
39516,train
39517,test
39526,train
39529,test
39533,test
39534,train
39536,train
39539,train
39540,train
39541,train
39542,train
39544,test
39548,train
39556,test
39557,train
39558,train
39560,train
39562,train
39564,train
39565,test
39568,train
39571,train
39572,train
39573,train
39578,train
39579,train
39581,train
39583,train
39584,train
39587,train
39590,train
39592,train
39594,test
39596,train
39598,train
39601,train
39602,train
39604,train
39605,train
39606,train
39608,train
39613,train
39616,train
39617,train
39618,train
39620,train
39627,test
39628,train
39629,test
39631,train
39635,train
39636,train
39637,test
39638,train
39639,train
39640,train
39641,train
39646,train
39650,test
39651,train
39653,train
39660,test
39666,test
39668,train
39673,test
39674,train
39676,train
39678,test
39679,train
39680,train
39682,train
39687,train
39691,train
39692,train
39694,train
39696,test
39697,train
39699,train
39701,train
39703,train
39706,train
39707,train
39708,train
39710,test
39711,test
39712,train
39713,train
39716,train
39717,test
39718,train
39719,train
39720,test
39721,train
39727,train
39728,train
39734,test
39736,train
39741,train
39742,test
39747,train
39748,test
39749,train
39756,train
39759,train
39763,train
39766,test
39775,train
39776,test
39777,train
39783,train
39784,train
39787,train
39791,train
39794,train
39797,test
39800,train
39801,test
39805,train
39807,train
39808,train
39811,train
39812,train
39817,train
39819,train
39823,train
39824,train
39825,train
39832,test
39833,train
39835,train
39838,train
39840,test
39841,train
39842,train
39847,train
39849,test
39853,train
39857,train
39859,test
39860,train
39870,train
39875,train
39878,test
39880,train
39886,test
39887,test
39888,train
39890,train
39891,test
39893,train
39894,test
39896,train
39897,test
39898,train
39901,test
39902,train
39905,test
39906,train
39910,train
39912,train
39913,train
39915,train
39916,train
39917,train
39919,train
39922,train
39923,train
39924,train
39926,train
39932,train
39936,train
39938,train
39939,test
39940,train
39941,train
39942,train
39943,test
39945,train
39946,train
39950,train
39951,train
39952,train
39953,test
39954,train
39957,train
39961,train
39962,train
39971,train
39976,train
39977,train
39979,train
39982,train
39984,train
39992,test
39999,train
40002,train
40005,train
40007,train
40008,train
40011,train
40013,test
40018,train
40022,test
40029,train
40034,train
40038,train
40040,train
40041,train
40045,train
40046,test
40048,train
40049,train
40050,train
40051,test
40054,train
40055,train
40059,train
40061,train
40063,test
40065,test
40068,train
40069,train
40073,train
40074,train
40075,train
40077,train
40078,train
40079,train
40082,train
40084,train
40086,train
40091,train
40092,train
40095,train
40098,train
40100,test
40102,train
40103,train
40105,train
40106,train
40107,train
40110,train
40111,train
40112,test
40114,test
40115,train
40116,test
40117,train
40118,train
40119,train
40120,train
40121,train
40125,train
40126,train
40127,train
40128,train
40130,train
40131,train
40133,train
40134,train
40135,train
40138,train
40140,train
40141,test
40142,train
40143,test
40145,test
40146,train
40147,train
40148,train
40151,test
40152,train
40154,train
40156,train
40157,train
40159,train
40161,test
40164,test
40165,test
40167,test
40168,train
40170,test
40171,train
40172,train
40174,train
40175,train
40177,train
40178,train
40183,test
40184,train
40185,train
40186,test
40187,test
40188,test
40191,train
40193,train
40194,train
40195,train
40198,train
40199,train
40200,train
40202,train
40203,train
40204,test
40205,test
40211,train
40212,test
40213,train
40214,test
40215,train
40216,train
40218,train
40223,train
40224,train
40225,train
40226,train
40227,train
40228,train
40229,train
40232,train
40233,test
40235,train
40236,train
40238,test
40241,train
40244,test
40245,train
40246,train
40247,test
40249,train
40250,train
40252,train
40253,train
40254,test
40255,train
40256,test
40257,train
40258,train
40259,train
40260,train
40262,train
40263,train
40264,train
40265,test
40268,train
40269,train
40270,test
40272,train
40273,train
40274,train
40275,train
40276,train
40277,train
40278,test
40280,train
40281,train
40282,train
40283,train
40287,train
40288,train
40290,test
40293,train
40295,train
40297,train
40298,train
40299,train
40300,test
40301,train
40302,train
40305,train
40307,train
40308,train
40309,test
40311,train
40316,train
40322,test
40323,test
40324,train
40326,train
40327,train
40328,train
40330,test
40332,train
40333,test
40334,test
40336,train
40337,train
40339,train
40340,train
40341,train
40342,train
40343,train
40346,test
40347,train
40348,train
40350,train
40352,train
40354,train
40356,train
40358,train
40359,train
40360,test
40362,test
40364,train
40365,test
40366,train
40367,test
40369,train
40370,train
40374,train
40375,train
40377,train
40378,train
40383,train
40384,train
40385,test
40387,test
40389,train
40390,train
40395,train
40396,test
40397,train
40398,train
40399,test
40400,train
40401,train
40402,train
40407,train
40408,train
40409,train
40410,train
40412,test
40413,train
40414,train
40416,train
40418,test
40420,test
40421,train
40424,train
40426,train
40429,train
40430,train
40432,test
40434,test
40435,train
40437,train
40438,train
40439,test
40441,train
40442,train
40447,train
40449,train
40450,train
40451,test
40452,test
40454,train
40455,train
40456,train
40457,train
40458,train
40459,test
40460,train
40461,train
40462,test
40463,train
40464,train
40465,train
40466,train
40468,train
40469,test
40472,test
40474,train
40475,train
40477,train
40478,test
40479,train
40480,train
40481,test
40484,train
40488,test
40489,train
40491,train
40493,train
40494,train
40495,test
40497,train
40499,train
40500,train
40504,train
40505,test
40506,test
40508,train
40511,train
40512,train
40513,train
40515,train
40516,train
40517,train
40518,train
40519,train
40520,test
40524,train
40526,train
40528,train
40529,train
40531,test
40532,test
40533,train
40535,train
40536,train
40537,train
40538,test
40539,train
40540,train
40541,train
40544,test
40545,train
40547,train
40548,train
40549,test
40551,train
40552,train
40559,test
40560,test
40561,train
40563,train
40564,train
40565,train
40569,train
40570,train
40571,train
40572,train
40573,train
40574,train
40577,test
40579,train
40580,train
40581,train
40583,train
40584,train
40585,train
40586,train
40587,train
40588,test
40590,train
40591,test
40592,train
40595,train
40596,train
40597,train
40598,train
40599,train
40600,train
40601,train
40603,test
40604,train
40605,train
40610,train
40611,train
40612,train
40613,train
40617,train
40619,test
40621,train
40622,train
40623,test
40624,train
40625,train
40627,train
40635,train
40636,train
40638,train
40639,train
40640,train
40642,train
40645,train
40646,train
40647,train
40649,test
40651,train
40652,test
40653,train
40654,train
40655,train
40657,train
40659,train
40660,train
40662,train
40663,train
40664,train
40665,train
40667,train
40669,train
40670,test
40671,test
40672,train
40673,test
40675,test
40676,train
40677,train
40681,train
40682,train
40683,train
40684,train
40688,train
40689,train
40691,test
40692,test
40694,train
40696,train
40697,train
40699,train
40700,train
40701,train
40702,train
40704,train
40707,train
40709,train
40711,train
40714,test
40720,train
40721,train
40722,train
40723,train
40725,train
40726,test
40731,train
40732,train
40733,train
40735,train
40736,test
40737,train
40738,train
40739,train
40740,train
40741,test
40743,train
40744,train
40747,test
40749,train
40750,train
40753,train
40754,train
40755,train
40757,test
40758,train
40759,train
40763,train
40764,train
40766,train
40767,train
40768,train
40769,test
40770,train
40771,train
40772,train
40773,train
40774,train
40777,train
40779,train
40781,test
40783,train
40785,train
40786,train
40790,train
40791,train
40792,train
40793,train
40794,train
40795,train
40797,train
40800,train
40801,train
40803,train
40805,train
40806,test
40807,test
40812,train
40814,train
40816,train
40817,train
40818,train
40819,train
40822,train
40824,train
40826,train
40828,train
40829,train
40830,train
40831,train
40833,train
40835,test
40836,train
40838,train
40839,train
40842,train
40843,train
40844,train
40846,train
40848,train
40852,train
40854,train
40855,test
40856,test
40857,train
40858,test
40859,train
40860,train
40863,test
40864,train
40865,train
40866,train
40867,train
40871,train
40872,test
40873,train
40874,test
40875,train
40877,train
40878,train
40880,train
40882,test
40884,train
40885,train
40886,test
40887,test
40889,train
40890,train
40892,train
40894,train
40895,train
40897,train
40899,train
40900,train
40901,train
40902,train
40903,train
40904,train
40905,train
40906,test
40908,train
40909,test
40910,train
40911,train
40912,train
40913,train
40914,train
40915,test
40916,train
40917,train
40918,train
40919,test
40920,train
40921,test
40922,test
40923,train
40924,train
40925,train
40927,test
40932,train
40933,train
40934,test
40935,train
40938,train
40939,train
40941,train
40943,train
40944,test
40947,train
40948,train
40949,train
40950,train
40951,train
40952,train
40953,test
40954,train
40956,train
40957,train
40958,test
40959,test
40960,train
40961,train
40962,train
40963,test
40964,train
40969,test
40970,train
40971,train
40972,train
40973,train
40977,train
40978,train
40980,train
40981,train
40985,train
40986,train
40990,test
40993,train
40997,train
40999,train
41000,train
41002,train
41004,train
41006,test
41007,test
41008,train
41011,train
41012,train
41013,test
41015,test
41016,train
41017,train
41019,train
41020,train
41024,train
41026,test
41027,train
41029,train
41032,train
41034,train
41035,train
41036,train
41037,train
41041,train
41043,train
41044,train
41046,train
41048,train
41049,train
41051,train
41054,train
41056,train
41058,train
41059,train
41063,train
41065,train
41066,test
41067,train
41068,train
41069,train
41071,test
41073,train
41074,test
41078,train
41080,train
41083,train
41087,train
41092,train
41093,train
41094,train
41096,train
41099,train
41101,train
41103,test
41104,test
41106,train
41107,train
41108,test
41109,train
41110,train
41112,train
41114,train
41115,train
41117,train
41118,train
41124,train
41125,test
41126,test
41128,train
41129,test
41131,train
41136,train
41137,test
41138,test
41140,train
41141,train
41142,train
41145,test
41146,train
41150,train
41153,train
41154,train
41156,train
41157,test
41158,test
41162,train
41163,train
41164,train
41167,train
41170,train
41173,train
41174,train
41175,train
41176,train
41177,train
41179,train
41181,train
41183,test
41184,train
41185,test
41186,test
41187,train
41189,train
41190,train
41193,train
41196,train
41197,train
41199,train
41200,train
41201,train
41202,train
41204,train
41206,train
41211,train
41213,train
41214,train
41215,train
41219,test
41223,train
41225,train
41227,test
41228,test
41231,train
41233,test
41235,train
41236,test
41237,train
41239,test
41240,train
41241,train
41243,train
41245,test
41246,train
41248,train
41249,train
41250,train
41252,train
41253,train
41254,train
41255,train
41258,train
41260,test
41261,train
41264,test
41267,test
41270,train
41272,train
41273,train
41274,train
41278,train
41286,train
41288,train
41290,test
41291,train
41293,train
41294,test
41300,train
41304,train
41305,train
41306,train
41307,train
41308,train
41313,train
41314,train
41316,train
41317,train
41320,test
41321,train
41323,test
41324,train
41326,test
41328,train
41330,train
41335,train
41336,train
41338,test
41340,train
41341,train
41345,train
41352,train
41354,test
41355,train
41359,train
41360,train
41362,train
41363,train
41365,train
41368,train
41372,train
41374,test
41378,train
41379,train
41381,train
41382,train
41386,train
41387,test
41391,train
41392,train
41396,train
41398,test
41399,train
41400,train
41406,train
41407,train
41409,test
41412,train
41414,train
41415,train
41416,train
41417,train
41418,train
41419,train
41420,test
41423,train
41425,test
41426,train
41427,train
41428,train
41432,test
41434,train
41441,train
41443,train
41444,test
41445,test
41446,test
41447,train
41449,train
41460,train
41462,train
41464,train
41465,train
41472,train
41473,test
41474,test
41476,train
41477,test
41480,test
41482,train
41483,train
41489,train
41491,train
41492,train
41496,train
41498,train
41501,train
41504,train
41505,train
41507,train
41508,train
41509,train
41513,train
41514,train
41520,train
41522,train
41524,train
41526,train
41527,train
41528,train
41530,train
41531,train
41535,test
41539,train
41542,test
41543,test
41547,train
41549,train
41550,train
41552,test
41556,train
41559,train
41560,train
41562,test
41564,test
41565,test
41567,train
41570,test
41573,test
41575,test
41577,train
41579,train
41582,train
41587,train
41588,train
41589,train
41591,train
41593,train
41594,train
41595,train
41601,train
41603,test
41607,test
41608,train
41612,train
41613,test
41615,train
41619,train
41620,train
41622,train
41623,train
41631,train
41633,train
41637,train
41640,train
41641,test
41642,train
41645,train
41647,test
41648,train
41650,train
41653,test
41657,test
41660,train
41662,train
41673,train
41674,train
41676,train
41678,train
41679,test
41683,train
41684,train
41686,train
41688,train
41695,train
41697,train
41705,train
41708,train
41709,train
41714,test
41716,train
41717,train
41722,train
41723,train
41725,train
41728,train
41729,test
41738,test
41740,test
41743,train
41747,train
41749,train
41750,train
41751,train
41752,train
41754,test
41756,train
41760,train
41762,test
41766,train
41771,test
41772,train
41774,train
41776,train
41777,test
41778,train
41781,test
41787,train
41796,train
41797,train
41799,train
41801,train
41803,train
41804,train
41805,train
41807,train
41816,test
41817,train
41818,train
41819,train
41821,test
41823,train
41825,test
41828,train
41830,train
41838,train
41839,train
41840,train
41842,train
41843,test
41848,train
41850,test
41851,train
41852,train
41857,train
41862,train
41866,train
41873,train
41877,train
41880,train
41881,test
41882,train
41883,test
41884,train
41887,train
41890,train
41894,train
41895,train
41896,train
41898,train
41899,train
41900,train
41901,train
41907,train
41910,train
41920,train
41924,train
41927,train
41928,train
41930,train
41932,train
41933,train
41934,train
41936,train
41940,test
41946,test
41948,train
41949,train
41951,train
41952,test
41956,train
41961,train
41963,test
41965,train
41966,train
41968,train
41970,train
41971,train
41972,test
41978,train
41982,train
41986,train
41987,train
41989,train
41991,test
42000,train
42002,train
42006,test
42007,train
42008,train
42011,train
42012,train
42013,train
42014,test
42022,test
42024,train
42026,train
42027,test
42034,train
42038,train
42039,train
42040,train
42046,train
42047,test
42049,train
42050,train
42053,train
42064,train
42065,train
42069,train
42078,train
42081,test
42083,train
42084,train
42087,train
42088,test
42089,test
42090,test
42100,train
42101,train
42105,train
42109,train
42111,train
42115,train
42118,train
42120,train
42122,train
42124,test
42127,test
42140,train
42142,train
42143,test
42144,train
42154,train
42155,train
42156,train
42157,train
42160,train
42161,train
42162,train
42163,test
42165,test
42167,train
42168,test
42169,train
42172,train
42173,test
42176,train
42177,train
42179,test
42181,train
42182,train
42183,train
42189,test
42192,train
42193,train
42196,train
42203,train
42204,train
42205,train
42207,train
42212,train
42214,test
42216,train
42217,train
42218,train
42219,train
42220,train
42223,train
42224,test
42226,train
42227,train
42230,test
42236,train
42239,train
42240,train
42246,train
42249,train
42251,test
42254,train
42257,train
42259,train
42263,train
42272,train
42275,train
42276,train
42277,test
42278,train
42279,train
42280,train
42282,train
42283,train
42288,train
42290,train
42294,train
42297,train
42299,train
42302,test
42303,train
42305,train
42306,train
42307,train
42308,train
42309,test
42314,train
42315,train
42316,train
42318,train
42319,train
42323,train
42325,train
42337,test
42346,train
42347,train
42349,train
42352,train
42354,train
42358,train
42359,test
42367,train
42370,train
42371,train
42373,train
42375,train
42376,train
42377,train
42379,train
42383,train
42384,test
42385,train
42386,train
42387,train
42389,test
42393,train
42394,train
42396,test
42397,train
42401,train
42403,train
42417,train
42419,train
42420,train
42422,test
42423,train
42425,train
42427,train
42429,train
42430,train
42431,train
42435,test
42436,train
42439,test
42441,train
42442,test
42444,train
42446,test
42448,train
42449,test
42453,train
42454,train
42455,train
42456,train
42457,train
42460,train
42461,test
42465,train
42466,train
42467,test
42468,test
42473,train
42474,train
42479,test
42483,train
42487,train
42489,train
42490,test
42496,train
42497,train
42499,train
42505,train
42507,test
42508,train
42511,train
42513,train
42518,train
42521,train
42529,test
42538,test
42542,test
42546,train
42547,train
42552,train
42553,train
42563,train
42564,train
42568,train
42569,train
42572,train
42573,test
42578,train
42581,train
42582,train
42587,train
42591,train
42593,train
42596,train
42600,train
42602,train
42603,test
42605,test
42606,train
42607,train
42608,train
42612,test
42613,train
42614,train
42615,train
42617,train
42629,train
42632,test
42634,train
42635,train
42638,train
42639,test
42648,train
42656,train
42658,train
42659,train
42661,train
42668,train
42673,train
42674,train
42675,train
42677,train
42678,test
42686,train
42690,train
42691,train
42701,train
42702,train
42704,train
42710,train
42718,train
42723,train
42724,train
42727,train
42728,train
42732,train
42733,train
42735,train
42738,train
42744,test
42751,train
42754,train
42758,train
42765,test
42768,train
42774,train
42787,train
42789,train
42796,test
42813,train
42814,test
42817,train
42826,train
42827,train
42830,train
42832,train
42835,train
42839,train
42845,train
42851,test
42859,train
42864,test
42876,train
42877,train
42883,train
42885,train
42888,train
42894,test
42895,train
42896,train
42902,train
42903,train
42906,train
42909,test
42910,train
42913,train
42914,test
42916,train
42919,test
42923,train
42924,train
42925,train
42934,test
42940,train
42943,train
42954,train
42957,train
42959,train
42963,train
42965,train
42966,train
42968,train
42969,train
42972,train
42973,test
42974,train
42976,train
42978,train
42979,train
42982,train
42988,train
42989,train
42991,train
42994,train
42996,train
42997,train
43001,test
43003,train
43004,train
43006,test
43007,train
43010,train
43011,test
43019,train
43027,train
43029,test
43031,train
43036,train
43039,train
43041,train
43047,train
43053,test
43056,test
43060,train
43063,train
43066,train
43071,test
43086,train
43089,test
43090,train
43092,train
43095,train
43099,train
43101,train
43108,train
43113,train
43115,train
43116,train
43120,train
43126,test
43127,train
43128,train
43130,test
43131,train
43135,train
43140,test
43141,train
43142,train
43146,train
43147,train
43150,train
43153,train
43154,train
43156,test
43157,train
43160,train
43170,test
43174,test
43178,test
43183,train
43186,train
43188,train
43189,test
43190,train
43194,train
43196,train
43197,train
43198,train
43199,train
43200,train
43202,train
43203,train
43206,train
43207,train
43209,train
43220,train
43221,train
43223,train
43226,train
43230,test
43237,train
43239,train
43240,train
43243,train
43244,train
43245,train
43246,train
43247,test
43249,train
43253,train
43263,train
43267,train
43271,train
43272,train
43275,test
43277,test
43283,train
43287,train
43290,train
43291,train
43293,test
43297,train
43298,train
43299,test
43300,train
43303,train
43305,train
43310,train
43311,test
43318,train
43319,train
43320,train
43321,train
43322,train
43323,train
43328,test
43329,train
43333,train
43339,test
43341,test
43342,train
43343,train
43356,train
43359,train
43360,train
43362,train
43363,train
43366,train
43367,train
43370,test
43371,test
43378,test
43379,train
43380,train
43381,train
43383,train
43387,train
43388,train
43389,test
43392,train
43393,train
43394,train
43397,train
43401,train
43405,train
43412,train
43414,train
43417,train
43418,train
43419,train
43421,train
43423,train
43424,train
43426,test
43428,test
43429,train
43435,train
43437,train
43440,train
43441,train
43446,train
43452,train
43454,train
43455,train
43457,train
43464,test
43466,train
43467,train
43471,test
43474,test
43475,test
43479,train
43481,train
43484,train
43488,train
43492,train
43493,test
43494,train
43496,test
43498,train
43499,train
43500,train
43504,train
43507,train
43509,train
43510,test
43515,train
43517,test
43520,train
43530,train
43531,train
43533,train
43535,test
43537,train
43539,train
43540,train
43543,train
43545,test
43547,train
43548,train
43550,train
43551,train
43553,train
43554,train
43555,train
43556,train
43559,train
43560,train
43564,test
43566,test
43568,train
43569,train
43573,test
43574,train
43575,train
43576,train
43578,train
43579,train
43580,train
43582,train
43583,train
43585,train
43586,train
43587,train
43588,train
43589,test
43595,train
43596,train
43597,train
43601,train
43602,train
43603,train
43606,train
43609,test
43612,train
43614,train
43617,train
43620,train
43622,train
43624,train
43627,train
43631,train
43632,train
43633,train
43634,train
43635,test
43637,train
43638,train
43642,train
43643,train
43644,train
43646,train
43647,train
43648,train
43649,train
43650,train
43655,train
43657,test
43658,train
43659,train
43660,train
43661,test
43664,train
43665,train
43666,test
43668,test
43669,train
43676,train
43677,train
43678,train
43679,train
43680,train
43681,test
43684,test
43685,train
43692,test
43695,train
43705,train
43707,train
43713,train
43714,train
43716,train
43717,train
43718,train
43719,test
43720,train
43726,train
43730,train
43732,train
43734,train
43736,train
43737,test
43742,test
43744,test
43745,test
43746,train
43747,test
43749,train
43750,test
43751,train
43755,train
43757,test
43758,train
43761,train
43770,test
43773,test
43774,test
43776,train
43777,train
43781,test
43782,train
43786,train
43789,train
43790,train
43792,train
43794,test
43797,train
43800,test
43806,train
43810,train
43812,train
43813,train
43814,train
43816,test
43819,train
43820,train
43823,test
43824,train
43826,train
43827,train
43829,train
43833,train
43835,test
43836,train
43837,train
43839,train
43841,train
43842,train
43843,train
43844,train
43846,train
43847,train
43848,train
43852,train
43859,train
43860,train
43865,train
43866,test
43867,train
43870,train
43871,train
43872,train
43873,train
43876,train
43879,train
43880,train
43881,train
43882,train
43883,train
43885,train
43893,train
43896,train
43897,train
43898,test
43899,train
43901,train
43902,train
43904,train
43905,train
43906,train
43907,train
43910,train
43913,test
43915,train
43916,test
43919,train
43921,train
43922,test
43925,train
43928,train
43929,train
43930,train
43934,train
43937,train
43942,train
43944,train
43946,train
43950,train
43952,test
43953,train
43954,train
43955,test
43956,test
43958,train
43959,train
43961,test
43963,train
43964,train
43966,train
43967,train
43972,train
43973,test
43974,train
43976,train
43982,train
43983,train
43984,test
43985,train
43989,train
43991,train
43993,test
43999,train
44003,test
44006,train
44009,train
44010,train
44011,train
44020,train
44023,train
44030,train
44031,train
44033,train
44034,train
44035,test
44038,train
44039,test
44041,train
44043,train
44045,train
44046,train
44049,test
44051,train
44052,test
44054,train
44055,train
44056,train
44058,train
44061,train
44065,train
44068,train
44070,train
44071,train
44074,train
44079,train
44083,test
44086,train
44088,train
44089,test
44098,train
44103,train
44111,train
44113,test
44117,test
44122,train
44124,train
44128,train
44137,train
44142,train
44144,train
44149,train
44150,train
44153,train
44159,train
44161,train
44163,train
44164,train
44173,test
44176,train
44184,train
44185,train
44191,test
44197,test
44198,train
44203,train
44204,train
44206,train
44214,train
44216,train
44217,test
44222,test
44227,train
44230,train
44237,train
44238,train
44240,train
44241,train
44245,train
44250,train
44256,test
44257,train
44275,train
44279,train
44285,train
44288,train
44291,train
44293,train
44299,train
44300,train
44312,test
44314,train
44316,test
44317,train
44330,train
44335,test
44340,train
44343,train
44345,train
44352,train
44360,test
44365,train
44390,train
44394,train
44400,train
44403,test
44404,train
44406,train
44410,train
44419,train
44423,train
44429,train
44436,train
44442,train
44444,train
44451,train
44454,train
44461,train
44462,test
44465,train
44468,train
44470,test
44475,train
44482,test
44486,train
44487,test
44491,train
44500,train
44501,train
44502,train
44505,train
44518,train
44524,train
44526,train
44530,train
44532,train
44533,train
44538,train
44540,train
44547,train
44548,train
44554,train
44556,train
44560,train
44563,train
44565,train
44566,test
44569,train
44570,train
44574,train
44576,train
44579,train
44581,train
44584,train
44586,train
44587,train
44589,train
44590,train
44592,train
44594,train
44595,train
44598,test
44599,train
44600,test
44601,test
44602,train
44604,train
44605,train
44610,train
44614,train
44620,train
44622,train
44629,train
44635,train
44639,test
44640,train
44641,train
44646,train
44647,train
44649,train
44650,train
44651,train
44653,train
44659,test
44660,train
44661,train
44662,train
44665,train
44668,train
44669,train
44671,train
44676,test
44684,train
44685,train
44686,train
44689,test
44693,train
44696,train
44697,test
44701,train
44702,train
44703,train
44704,test
44707,train
44708,train
44709,test
44711,test
44714,train
44716,train
44717,test
44718,train
44719,train
44720,train
44721,train
44722,train
44723,train
44724,train
44725,train
44728,train
44730,test
44733,train
44735,train
44736,train
44737,train
44740,train
44741,train
44742,test
44744,train
44745,train
44747,train
44749,train
44750,train
44752,train
44753,train
44754,train
44756,test
44760,train
44762,train
44763,train
44764,train
44765,train
44766,train
44769,train
44771,train
44775,train
44776,train
44777,test
44778,train
44779,train
44780,train
44781,train
44782,train
44783,train
44784,train
44787,test
44789,train
44790,train
44793,train
44794,train
44795,test
44798,test
44799,test
44801,train
44803,train
44804,train
44806,train
44808,test
44809,test
44810,test
44812,train
44814,train
44816,train
44817,train
44818,train
44821,train
44822,train
44823,train
44824,train
44827,train
44828,test
44829,train
44831,test
44832,train
44834,train
44835,train
44838,train
44839,train
44840,train
44842,train
44846,test
44847,train
44850,train
44852,train
44854,train
44855,train
44863,train
44865,train
44867,train
44868,train
44870,train
44872,train
44875,train
44877,train
44878,train
44879,train
44880,train
44881,test
44883,train
44886,test
44893,train
44894,train
44896,train
44897,train
44900,train
44902,test
44903,train
44904,train
44905,train
44906,train
44909,train
44916,train
44918,train
44919,train
44920,train
44921,train
44922,train
44923,test
44925,test
44927,train
44928,train
44929,train
44930,train
44937,test
44939,train
44940,train
44943,test
44944,train
44945,train
44946,train
44948,train
44949,train
44950,train
44951,train
44952,train
44954,test
44955,train
44956,train
44957,train
44959,train
44961,train
44963,train
44964,train
44965,train
44967,train
44969,train
44971,test
44973,train
44974,train
44975,train
44978,train
44983,test
44984,train
44993,train
44994,test
44996,train
44998,train
44999,train
45000,train
45001,train
45003,test
45004,train
45005,train
45006,train
45008,test
45009,train
45010,train
45011,test
45016,train
45017,train
45020,train
45022,test
45023,train
45025,train
45026,train
45028,train
45029,train
45030,train
45031,train
45034,train
45035,train
45037,train
45040,test
45042,train
45046,train
45047,test
45048,test
45049,train
45050,train
45051,train
45053,train
45054,test
45055,train
45056,test
45059,train
45065,train
45066,train
45069,train
45071,train
45074,train
45075,test
45076,train
45077,train
45078,train
45079,train
45080,train
45083,test
45084,train
45085,train
45086,train
45087,train
45088,test
45090,train
45091,train
45092,train
45093,train
45094,train
45096,train
45097,train
45098,train
45102,train
45103,train
45104,train
45106,train
45107,train
45108,train
45113,train
45117,train
45118,train
45121,test
45125,train
45129,train
45130,train
45131,test
45132,train
45139,train
45140,test
45141,train
45142,train
45143,train
45145,train
45146,train
45147,train
45149,train
45151,train
45153,train
45156,train
45158,train
45159,train
45161,train
45164,train
45166,train
45167,train
45171,train
45172,train
45173,train
45175,test
45178,train
45179,train
45183,train
45184,train
45185,train
45186,train
45187,test
45188,train
45190,train
45191,train
45192,train
45193,test
45194,train
45196,train
45197,train
45201,train
45205,train
45206,train
45207,train
45208,train
45210,test
45212,train
45213,train
45216,train
45219,train
45222,train
45226,test
45229,train
45234,train
45235,test
45236,test
45238,train
45240,test
45242,train
45245,train
45247,train
45248,train
45251,test
45253,train
45254,train
45258,train
45262,train
45267,train
45268,train
45269,train
45270,train
45271,train
45272,test
45273,test
45276,test
45277,train
45278,train
45279,train
45280,train
45283,train
45287,train
45288,train
45291,train
45294,train
45297,train
45299,train
45300,train
45303,train
45304,train
45305,test
45307,train
45309,train
45313,train
45315,train
45316,train
45317,test
45319,train
45320,train
45322,train
45323,train
45333,train
45336,test
45338,train
45340,train
45341,train
45342,train
45343,train
45346,test
45348,train
45349,train
45350,train
45352,train
45353,train
45355,train
45357,train
45360,train
45362,train
45363,train
45364,train
45366,test
45369,train
45371,train
45373,train
45378,train
45379,train
45380,train
45382,test
45383,train
45384,train
45386,train
45390,train
45391,test
45392,train
45394,train
45396,train
45399,train
45401,test
45402,train
45404,train
45405,train
45407,train
45409,train
45410,train
45412,train
45414,train
45415,test
45417,train
45419,train
45421,train
45423,train
45425,test
45428,test
45429,train
45430,train
45431,train
45432,test
45434,train
45436,train
45437,test
45438,train
45439,train
45441,train
45443,train
45445,train
45446,train
45451,train
45452,test
45453,train
45454,test
45457,train
45460,test
45461,train
45463,train
45465,test
45466,train
45469,train
45471,train
45473,train
45481,train
45483,train
45488,train
45490,train
45493,train
45497,train
45499,train
45502,train
45503,train
45504,train
45505,test
45509,train
45512,train
45514,train
45516,train
45517,train
45519,train
45521,train
45523,train
45524,train
45525,train
45530,test
45532,train
45534,train
45537,train
45539,train
45542,train
45543,train
45544,train
45546,test
45548,train
45551,train
45553,train
45554,train
45555,train
45561,train
45562,train
45563,train
45565,train
45566,test
45568,train
45569,train
45570,train
45571,train
45573,train
45574,test
45578,train
45579,train
45582,train
45583,train
45584,train
45590,test
45591,train
45595,train
45596,train
45598,test
45600,train
45601,train
45602,test
45603,test
45607,train
45609,train
45610,train
45611,train
45614,train
45615,train
45620,test
45622,test
45623,train
45627,train
45628,train
45630,train
45631,train
45632,test
45634,train
45635,train
45636,train
45637,train
45638,test
45639,train
45640,test
45641,train
45643,train
45644,train
45646,train
45648,train
45651,train
45652,train
45653,train
45657,train
45659,test
45660,train
45664,test
45665,train
45666,test
45667,train
45670,train
45671,train
45672,train
45673,train
45676,train
45678,train
45681,train
45685,train
45686,train
45688,train
45691,train
45692,train
45693,test
45694,train
45695,train
45696,train
45698,train
45699,train
45701,train
45702,train
45704,train
45706,test
45711,train
45713,train
45717,train
45719,train
45720,train
45725,test
45727,train
45730,train
45733,test
45734,train
45737,train
45738,train
45740,test
45743,train
45748,test
45749,train
45752,train
45753,train
45754,test
45755,train
45756,train
45757,test
45758,train
45759,train
45760,train
45762,train
45767,train
45769,test
45770,train
45771,train
45772,train
45773,train
45775,train
45776,test
45782,train
45784,train
45785,train
45788,train
45791,test
45792,train
45793,train
45794,train
45798,train
45799,test
45805,test
45810,train
45813,train
45817,train
45821,train
45823,test
45824,train
45826,train
45830,test
45834,train
45837,train
45839,train
45842,train
45845,train
45846,train
45848,train
45849,train
45850,test
45852,train
45857,train
45858,train
45860,train
45861,train
45863,train
45864,train
45866,train
45867,train
45868,train
45869,train
45871,train
45873,train
45874,train
45875,train
45876,train
45879,train
45883,train
45884,train
45885,train
45886,train
45888,train
45889,test
45892,train
45893,train
45894,train
45898,train
45899,train
45900,train
45901,train
45903,test
45905,train
45906,train
45907,train
45909,train
45910,train
45911,train
45912,train
45917,train
45919,train
45923,test
45926,test
45929,train
45930,train
45931,train
45933,test
45935,train
45936,train
45939,train
45945,train
45946,train
45948,train
45949,train
45954,train
45956,train
45957,train
45959,train
45963,train
45967,train
45973,train
45975,train
45976,train
45977,train
45979,test
45981,train
45982,train
45984,train
45986,train
45987,train
45988,train
45989,train
45990,test
45992,train
45993,train
45994,train
45996,train
45997,test
46000,train
46001,train
46004,train
46005,train
46007,train
46008,train
46014,train
46015,train
46017,test
46020,train
46027,test
46028,train
46029,test
46033,train
46034,train
46035,test
46036,train
46039,train
46041,test
46043,train
46044,train
46047,train
46052,train
46053,train
46054,train
46055,train
46056,train
46058,test
46059,test
46060,train
46061,test
46063,train
46064,test
46065,train
46066,train
46067,train
46070,train
46075,train
46078,train
46080,train
46082,test
46085,train
46086,train
46087,train
46088,train
46091,test
46096,train
46103,train
46109,train
46110,train
46112,train
46113,train
46114,train
46115,train
46118,train
46119,train
46121,train
46122,test
46123,test
46124,train
46126,train
46128,train
46129,test
46130,train
46133,train
46135,test
46136,train
46138,train
46142,train
46148,train
46149,train
46151,train
46153,train
46157,train
46158,test
46159,train
46160,train
46161,train
46164,train
46165,test
46168,test
46169,train
46170,train
46171,train
46173,train
46174,test
46175,train
46180,train
46181,train
46182,test
46183,test
46184,train
46185,train
46187,test
46191,train
46193,train
46195,train
46202,train
46203,train
46204,train
46205,train
46206,train
46209,test
46214,test
46215,train
46216,train
46217,train
46224,train
46226,train
46227,test
46228,train
46232,train
46233,train
46234,test
46235,train
46236,train
46237,test
46238,test
46239,test
46241,train
46242,test
46245,train
46247,test
46249,train
46252,train
46253,train
46255,train
46256,test
46259,train
46263,test
46265,train
46268,train
46269,train
46271,train
46272,train
46274,test
46275,train
46278,train
46279,train
46283,test
46285,test
46286,train
46287,train
46291,train
46295,train
46302,test
46307,test
46308,train
46310,train
46311,train
46312,train
46314,train
46315,train
46320,train
46321,test
46328,train
46329,train
46330,train
46333,train
46334,train
46338,train
46339,train
46340,train
46343,test
46345,test
46346,test
46348,train
46349,train
46350,test
46354,train
46358,train
46359,test
46360,train
46361,train
46362,train
46363,test
46364,train
46365,train
46370,train
46371,train
46372,train
46374,train
46375,train
46379,train
46380,test
46382,train
46393,train
46394,train
46395,train
46398,train
46399,train
46401,train
46403,train
46406,train
46407,test
46408,train
46411,test
46413,train
46414,train
46415,train
46419,test
46420,train
46421,train
46423,train
46426,test
46430,train
46431,train
46434,train
46435,train
46436,test
46438,train
46441,test
46442,train
46444,train
46450,train
46452,test
46457,test
46463,train
46464,train
46468,train
46469,train
46479,train
46480,test
46483,train
46484,train
46487,train
46489,train
46492,train
46494,test
46495,train
46497,train
46499,train
46500,train
46506,train
46508,train
46511,train
46514,train
46515,test
46518,train
46519,train
46521,train
46529,test
46530,train
46531,train
46535,train
46537,train
46540,train
46541,train
46542,train
46546,train
46547,train
46550,train
46554,train
46555,test
46556,train
46557,train
46558,train
46559,train
46561,train
46562,train
46563,test
46564,train
46567,train
46569,train
46571,train
46572,test
46573,train
46574,train
46575,test
46580,train
46582,train
46584,train
46593,train
46594,train
46597,train
46600,train
46601,train
46603,train
46604,train
46607,train
46609,test
46616,train
46618,train
46621,test
46622,test
46625,train
46626,train
46635,train
46636,train
46637,test
46641,train
46642,test
46645,train
46649,train
46650,train
46653,train
46654,train
46656,train
46661,train
46665,train
46667,train
46669,test
46672,test
46673,test
46675,train
46677,train
46679,train
46689,train
46692,train
46695,test
46697,train
46698,train
46701,test
46702,train
46703,test
46705,train
46706,train
46708,train
46710,train
46719,train
46722,train
46723,train
46725,test
46728,train
46729,train
46730,train
46731,train
46733,train
46736,train
46738,test
46740,train
46743,train
46747,train
46749,train
46750,train
46755,train
46756,train
46760,train
46763,train
46768,train
46769,train
46771,test
46772,train
46776,train
46779,test
46784,train
46789,train
46790,train
46802,train
46803,train
46804,train
46812,train
46815,train
46818,train
46824,train
46826,train
46827,test
46831,train
46837,test
46842,train
46844,train
46846,train
46850,train
46851,train
46857,train
46859,train
46860,train
46865,train
46866,test
46870,train
46873,train
46875,train
46876,train
46877,train
46878,train
46879,train
46883,train
46887,train
46888,train
46889,train
46891,train
46898,train
46900,train
46901,train
46902,train
46904,test
46905,train
46906,train
46909,train
46919,train
46920,train
46923,train
46929,train
46931,train
46934,train
46937,test
46942,train
46943,train
46945,test
46946,train
46948,train
46950,train
46953,train
46954,train
46955,test
46959,train
46967,test
46971,test
46975,train
46976,train
46980,test
46988,train
46990,train
46994,test
46995,train
46997,train
46998,train
46999,train
47002,train
47005,train
47007,train
47008,train
47011,train
47021,train
47024,test
47027,test
47029,train
47039,train
47046,train
47047,train
47050,test
47053,test
47061,train
47065,train
47073,train
47077,train
47093,test
47094,train
47095,train
47096,train
47097,train
47111,train
47113,train
47117,test
47119,test
47121,test
47122,train
47123,train
47126,train
47130,train
47139,train
47141,train
47143,train
47144,train
47150,train
47152,train
47158,test
47159,train
47162,test
47164,test
47170,train
47175,train
47177,train
47178,train
47181,train
47183,train
47184,train
47185,train
47186,test
47190,train
47194,train
47195,test
47198,train
47206,train
47207,train
47210,test
47212,train
47215,train
47225,train
47227,train
47231,train
47234,train
47236,train
47240,train
47242,train
47245,test
47246,test
47263,train
47271,train
47278,test
47285,test
47295,test
47296,train
47297,train
47306,train
47329,train
47338,train
47344,train
47349,test
47360,train
47362,train
47375,train
47385,train
47393,train
47399,train
47404,train
47408,train
47413,train
47417,train
47422,train
47423,test
47426,train
47431,train
47432,train
47433,train
47436,train
47437,train
47447,train
47449,test
47472,train
47479,train
47481,test
47484,train
47492,train
47505,train
47521,train
47528,test
47529,train
47530,train
47538,train
47549,train
47571,test
47572,train
47576,train
47577,train
47580,train
47586,test
47597,train
47598,train
47600,train
47602,train
47619,train
47629,train
47640,train
47650,train
47662,train
47665,train
47677,train
47699,train
47709,train
47714,test
47726,train
47728,train
47750,train
47752,train
47769,test
47778,train
47779,train
47788,train
47805,train
47809,test
47814,train
47821,train
47858,test
47861,train
47872,train
47875,train
47879,train
47883,train
47884,train
47899,train
47901,train
47912,train
47919,train
47920,train
47940,train
47947,train
47952,train
47957,train
47966,train
47978,test
47980,train
47982,test
47983,test
47986,train
48004,test
48009,test
48028,train
48058,train
48069,train
48081,train
48099,test
48102,test
48111,train
48113,train
48114,train
48117,test
48123,train
48125,train
48127,train
48132,test
48170,train
48174,train
48176,train
48178,train
48180,train
48181,train
48185,train
48190,train
48205,train
48206,train
48208,train
48211,test
48222,train
48226,test
48246,train
48250,train
48252,train
48265,test
48276,train
48301,train
48306,train
48314,train
48320,train
48323,train
48336,test
48339,train
48340,train
48352,train
48362,train
48363,train
48367,test
48372,train
48374,test
48376,train
48377,train
48379,test
48383,train
48384,train
48386,train
48389,train
48394,train
48406,train
48408,test
48410,train
48412,train
48421,train
48447,test
48451,test
48457,train
48459,train
48462,train
48465,train
48466,train
48495,train
48506,test
48509,test
48513,train
48514,train
48516,test
48517,train
48521,train
48526,test
48545,train
48548,train
48549,test
48558,train
48563,train
48564,test
48575,train
48576,test
48577,train
48579,test
48580,train
48583,train
48586,test
48588,train
48591,train
48594,test
48597,train
48601,train
48602,train
48604,test
48605,train
48612,train
48613,train
48614,train
48617,train
48618,train
48619,train
48622,test
48625,test
48633,train
48646,train
48649,train
48650,train
48655,train
48658,train
48664,test
48672,train
48675,test
48676,train
48681,train
48683,test
48691,test
48692,test
48695,train
48697,train
48701,train
48704,train
48707,train
48710,train
48713,test
48719,train
48725,train
48729,test
48736,test
48737,train
48739,test
48740,train
48741,test
48753,train
48762,train
48763,train
48773,train
48778,test
48779,train
48780,train
48781,train
48784,train
48787,train
48789,train
48794,train
48796,train
48798,train
48800,train
48803,train
48804,test
48805,test
48806,train
48818,train
48819,test
48821,train
48823,train
48826,train
48832,train
48833,train
48835,train
48839,train
48840,train
48843,train
48846,train
48850,test
48853,train
48857,train
48861,train
48868,train
48872,train
48873,train
48876,train
48877,train
48888,train
48889,train
48890,train
48898,train
48901,test
48908,train
48910,train
48911,train
48915,train
48921,train
48928,train
48931,test
48935,train
48936,train
48937,train
48938,test
48946,train
48950,train
48952,train
48954,train
48955,test
48963,train
48965,train
48966,train
48968,train
48978,train
48985,test
48987,train
48991,train
48992,train
48996,train
48997,train
49000,train
49001,train
49003,train
49007,train
49009,train
49011,train
49015,train
49018,train
49029,train
49052,test
49067,train
49075,test
49090,train
49099,train
49106,train
49107,train
49122,train
